customer_ID,Email,account_Type,f_Name,l_Name,Address,Province,City,street_Address
1153,vphillips@example.com,Premium,Christopher,Pena,2785 Smith Ridge Apt. 279,ON,Calgary,2785 Smith Ridge Apt. 279
7114,brittneyriggs@example.net,Standard,Brandon,Shaw,850 Jason Lodge Suite 432,ON,Regina,850 Jason Lodge Suite 432
8333,jhiggins@example.net,Premium,Debbie,Rogers,90998 Joseph River Suite 890,SK,Calgary,90998 Joseph River Suite 890
504,josephheath@example.org,Standard,Megan,Mendez,8306 Mcmillan Hills Apt. 887,QC,Fredericton,8306 Mcmillan Hills Apt. 887
8258,floresdavid@example.com,Premium,Kayla,Elliott,712 Shea Ridge Suite 572,AB,Kelowna,712 Shea Ridge Suite 572
2482,obrienjohn@example.com,Standard,Pamela,Hansen,4683 Brad Camp Apt. 177,YT,Sudbury,4683 Brad Camp Apt. 177
2560,johnsonalexis@example.org,Standard,Jessica,Butler,47298 Laura Drives,NT,Yellowknife,47298 Laura Drives
7433,timothy89@example.org,Premium,Jeff,Strickland,47627 Garcia Crest Suite 815,NU,Edmonton,47627 Garcia Crest Suite 815
1640,racheljackson@example.com,Premium,Ann,Myers,847 Allen Cape Suite 453,ON,Nanaimo,847 Allen Cape Suite 453
391,ebrown@example.com,Standard,Melissa,Williams,941 Erika Extensions,AB,Charlottetown,941 Erika Extensions
8411,mcdonaldmckenzie@example.org,Standard,John,Thompson,265 Jones River Apt. 010,BC,Windsor,265 Jones River Apt. 010
2150,ohall@example.net,Standard,Elizabeth,White,964 Amy Canyon Apt. 137,SK,Saskatoon,964 Amy Canyon Apt. 137
7538,vrice@example.net,Standard,Daniel,Cabrera,428 Lisa Rapids,ON,Montreal,428 Lisa Rapids
4886,hhoward@example.com,Standard,Jennifer,Burns,629 Henry Court,QC,Thunder Bay,629 Henry Court
3246,whitebrianna@example.net,Standard,Karina,Clark,0265 Erica Stream Suite 092,SK,Sudbury,0265 Erica Stream Suite 092
1458,amberchavez@example.org,Standard,Sherry,Price,8713 Dixon Avenue,SK,Oshawa,8713 Dixon Avenue
8586,llee@example.org,Premium,Zachary,Hawkins,6346 Devon Place Suite 953,ON,Regina,6346 Devon Place Suite 953
9529,diazbrenda@example.com,Standard,Frank,Obrien,35900 Karla Highway,YT,Victoria,35900 Karla Highway
5355,phillip21@example.net,Standard,Chelsey,Sanders,3840 Rhodes Islands,PE,Edmonton,3840 Rhodes Islands
9176,paul92@example.net,Standard,Hailey,Archer,9069 Eric Trafficway Apt. 244,NS,Oshawa,9069 Eric Trafficway Apt. 244
7523,stacy82@example.org,Premium,Laura,Santiago,78852 Eric Turnpike Suite 498,NS,St. John's,78852 Eric Turnpike Suite 498
4720,bli@example.net,Premium,Brandon,Ryan,4354 Sharon Stravenue Suite 307,YT,Iqaluit,4354 Sharon Stravenue Suite 307
5735,jdodson@example.net,Premium,Tammy,Jones,210 Carlos Summit,NT,Quebec City,210 Carlos Summit
1823,clewis@example.net,Premium,Tanya,Gibbs,726 Davis Squares,NL,London,726 Davis Squares
3822,gsanchez@example.com,Premium,Erica,Johns,7774 Edwards Falls,YT,London,7774 Edwards Falls
9290,davidpearson@example.org,Standard,Martha,Singh,02263 Olson Harbor,AB,Charlottetown,02263 Olson Harbor
2826,jessica54@example.net,Premium,Michael,Boyd,98762 Megan Plain Suite 948,NS,Windsor,98762 Megan Plain Suite 948
3832,umorris@example.net,Standard,Jeffrey,Thompson,319 Emily Course Apt. 867,QC,Fredericton,319 Emily Course Apt. 867
1382,ibrooks@example.com,Premium,Scott,Jennings,081 Donna Centers Suite 081,YT,Vancouver,081 Donna Centers Suite 081
955,deannawhite@example.net,Standard,Alexander,Gomez,33396 Jessica Lights Suite 128,NS,Quebec City,33396 Jessica Lights Suite 128
6908,grayjoseph@example.org,Standard,Lisa,Osborn,3454 Alvarado Centers,NU,Ottawa,3454 Alvarado Centers
8074,lewisrose@example.org,Standard,James,Bowen,699 Eric Mountains,NT,Nanaimo,699 Eric Mountains
6933,michael11@example.org,Premium,Patrick,Barrera,714 Shannon Brook,NB,Quebec City,714 Shannon Brook
33,andersondestiny@example.com,Standard,Mary,Olsen,1843 Rebecca Station Suite 378,PE,Montreal,1843 Rebecca Station Suite 378
7293,wstone@example.net,Standard,Kevin,Stokes,8799 Perez Ville,MB,Toronto,8799 Perez Ville
1792,iodom@example.org,Standard,Cassandra,Avila,434 Mccormick Divide Suite 498,NU,Toronto,434 Mccormick Divide Suite 498
3753,rachel05@example.net,Standard,Jason,Moore,6791 Sharon Flats Apt. 270,NT,Whitehorse,6791 Sharon Flats Apt. 270
6199,dgarcia@example.org,Standard,Brenda,Fox,323 April Island Apt. 448,YT,Montreal,323 April Island Apt. 448
9042,stephanie43@example.com,Standard,Beverly,Pollard,880 Jennifer Throughway,NT,Winnipeg,880 Jennifer Throughway
5500,humphreydavid@example.net,Premium,Kelly,Hill,2893 Banks Mountains,PE,Thunder Bay,2893 Banks Mountains
6577,janice83@example.net,Standard,Grant,Thomas,48520 Lindsey Ridges Suite 955,SK,Whitehorse,48520 Lindsey Ridges Suite 955
8039,mary68@example.org,Standard,Richard,Vance,51361 Hurley Islands,PE,Sudbury,51361 Hurley Islands
7924,toddhayden@example.org,Premium,Christine,Harris,92806 Stephen Track Apt. 684,NL,Montreal,92806 Stephen Track Apt. 684
6920,vanessa97@example.org,Standard,Eric,Tapia,65829 Olson Loaf,AB,Victoria,65829 Olson Loaf
5466,ysimpson@example.org,Premium,Joshua,Bishop,916 Ingram Road,ON,Halifax,916 Ingram Road
7191,prichardson@example.com,Standard,Michael,Young,9608 Courtney Avenue,NT,Sudbury,9608 Courtney Avenue
3367,karen42@example.com,Premium,Stephen,Brown,4606 Cohen Square Suite 079,QC,Quebec City,4606 Cohen Square Suite 079
6237,erinhughes@example.org,Standard,Jonathan,Holmes,9614 Jonathan Burgs Suite 737,NT,Halifax,9614 Jonathan Burgs Suite 737
6820,castrokenneth@example.net,Premium,Nicole,Hall,028 Sarah Crossroad,AB,Ottawa,028 Sarah Crossroad
410,oporter@example.org,Standard,Charles,Whitaker,38298 Robert Inlet Suite 211,YT,Halifax,38298 Robert Inlet Suite 211
2747,adavis@example.com,Premium,Donald,Burton,841 Luis Knoll Suite 786,MB,Kitchener,841 Luis Knoll Suite 786
7605,mary31@example.com,Standard,Robert,Smith,2351 Deanna Trafficway Apt. 371,NB,Quebec City,2351 Deanna Trafficway Apt. 371
9580,tdoyle@example.org,Premium,Kelly,Morris,783 Michael Green,NB,Halifax,783 Michael Green
6060,susan32@example.com,Standard,Stephen,Martinez,21887 Bennett Manor,QC,Calgary,21887 Bennett Manor
5451,bhorn@example.net,Standard,Breanna,Roberts,9267 Nathan Burg Suite 332,MB,Edmonton,9267 Nathan Burg Suite 332
930,laurie85@example.org,Standard,Amanda,Joseph,2432 Rebecca Turnpike Suite 457,YT,Victoria,2432 Rebecca Turnpike Suite 457
703,juliamurphy@example.net,Standard,Edward,Jackson,808 Donald Underpass,YT,Kelowna,808 Donald Underpass
8222,victoriabaker@example.org,Standard,David,Williams,591 Randall Fords Suite 802,NT,Kitchener,591 Randall Fords Suite 802
1870,vcook@example.com,Standard,Jacob,Mcclure,17787 Jeff Pine,NS,Iqaluit,17787 Jeff Pine
4480,cathy50@example.com,Standard,Martha,Kirk,663 Brett Haven Suite 483,QC,Winnipeg,663 Brett Haven Suite 483
5492,william26@example.org,Standard,Christine,Bush,4962 Joshua Viaduct,ON,Edmonton,4962 Joshua Viaduct
5253,daniel09@example.org,Standard,Daniel,Chung,24477 Samuel Manors,NS,Abbotsford,24477 Samuel Manors
1495,marissabarajas@example.net,Standard,Seth,Swanson,94321 Ellison Divide,NB,Edmonton,94321 Ellison Divide
6503,vdixon@example.org,Premium,Ronald,Pope,185 Perez Port Apt. 015,QC,Saskatoon,185 Perez Port Apt. 015
7429,anne58@example.org,Premium,Douglas,Garcia,845 Amber Station Suite 396,NS,Ottawa,845 Amber Station Suite 396
7661,martinpatricia@example.net,Standard,Danielle,Robinson,977 Jeffrey Turnpike,ON,Whitehorse,977 Jeffrey Turnpike
2142,flowersmicheal@example.org,Standard,Spencer,Luna,5587 Jill Road Suite 661,ON,Thunder Bay,5587 Jill Road Suite 661
3235,barrettmatthew@example.com,Standard,Lisa,Harper,10486 Steven Freeway Apt. 376,PE,Victoria,10486 Steven Freeway Apt. 376
4065,boydamy@example.org,Premium,Vickie,Perry,847 Becker Locks,ON,Kingston,847 Becker Locks
1634,michaelwilson@example.com,Premium,Charles,Armstrong,8720 Richardson Skyway Apt. 525,NT,Vancouver,8720 Richardson Skyway Apt. 525
1626,sean85@example.com,Standard,Robert,Massey,69441 Laura Plains Apt. 442,QC,Kingston,69441 Laura Plains Apt. 442
1630,hmeyer@example.org,Premium,Eileen,Olsen,68381 Shawn Ports Apt. 626,NS,Quebec City,68381 Shawn Ports Apt. 626
6510,yparks@example.org,Standard,James,Rodgers,4095 Carter Lock,YT,London,4095 Carter Lock
9444,wardmichael@example.net,Standard,David,Hicks,08527 Pugh Lake Suite 560,MB,Windsor,08527 Pugh Lake Suite 560
4827,awalsh@example.org,Premium,Madison,Duarte,00766 Gomez Valley Suite 797,NS,Edmonton,00766 Gomez Valley Suite 797
8397,christopher58@example.org,Standard,Joanna,Smith,9753 Stephanie Spurs Apt. 255,NT,Thunder Bay,9753 Stephanie Spurs Apt. 255
4839,thomasgregory@example.net,Standard,Sydney,Hinton,5603 Jay Rapid Apt. 790,PE,Sudbury,5603 Jay Rapid Apt. 790
7950,prattbrian@example.com,Standard,Christopher,Lawson,955 Watkins Walk,NB,St. John's,955 Watkins Walk
5482,chavezangela@example.org,Premium,Oscar,Ward,959 Shari Grove,BC,Iqaluit,959 Shari Grove
4127,youngryan@example.com,Standard,Matthew,Green,045 Pope Bypass,NT,Calgary,045 Pope Bypass
7708,wgutierrez@example.org,Premium,Brian,Spears,34816 Schwartz Manors Apt. 502,NS,St. John's,34816 Schwartz Manors Apt. 502
7368,kelly53@example.org,Standard,Tammy,Briggs,7401 Sheila Walks Apt. 072,BC,Saskatoon,7401 Sheila Walks Apt. 072
420,jennybrown@example.com,Standard,Michelle,Campbell,7361 Austin Canyon,QC,Toronto,7361 Austin Canyon
4138,keithjohnson@example.com,Standard,Mary,Pittman,11013 Megan Mills Suite 229,NU,Saskatoon,11013 Megan Mills Suite 229
1652,pamela45@example.net,Standard,Allison,Cole,211 Morris Park Suite 781,ON,Winnipeg,211 Morris Park Suite 781
3617,rwall@example.net,Premium,Whitney,Moses,2150 Jon Knoll,YT,London,2150 Jon Knoll
2803,ischroeder@example.net,Premium,Daniel,Reed,090 David Oval Apt. 978,QC,Kitchener,090 David Oval Apt. 978
4275,bgibson@example.net,Premium,Nicholas,Crawford,8229 James Fall Suite 838,NL,Regina,8229 James Fall Suite 838
4565,emilycohen@example.org,Standard,Gabriel,Cohen,2008 Griffith Valley,BC,Kingston,2008 Griffith Valley
7973,andrew98@example.org,Standard,Larry,Reyes,100 Anna Course,ON,St. John's,100 Anna Course
2312,mark22@example.org,Premium,Sheryl,James,87532 Hernandez Walk,NB,Vancouver,87532 Hernandez Walk
2621,kscott@example.com,Premium,Haley,Brown,3543 Thomas Hollow Apt. 586,NT,London,3543 Thomas Hollow Apt. 586
2378,owilcox@example.org,Premium,Anthony,Mills,568 White River Apt. 305,NU,London,568 White River Apt. 305
6061,brent72@example.org,Premium,Christopher,Moody,009 Garcia Street,NB,Oshawa,009 Garcia Street
7156,enichols@example.org,Standard,Julia,Conner,59650 Hardy Viaduct,BC,Vancouver,59650 Hardy Viaduct
4802,tristan54@example.net,Standard,Jessica,Powers,75179 Jennifer Curve,NT,Yellowknife,75179 Jennifer Curve
3039,nathanpowell@example.com,Premium,Adrian,Carroll,56007 Donna Brooks,ON,Sudbury,56007 Donna Brooks
2016,wnunez@example.net,Premium,Stephanie,Cantu,893 Ramirez Camp,ON,Ottawa,893 Ramirez Camp
8802,tcallahan@example.net,Premium,Alexander,Brown,881 Michael Crossing,MB,St. John's,881 Michael Crossing
3847,dmack@example.org,Standard,Gregory,Campbell,19737 Taylor Loop,NL,Iqaluit,19737 Taylor Loop
2357,lisamartinez@example.net,Standard,Mark,Jones,80031 Cassandra Gardens,NB,Whitehorse,80031 Cassandra Gardens
942,vkerr@example.org,Premium,Ronnie,Carter,928 Dylan Street Suite 942,NS,Montreal,928 Dylan Street Suite 942
7130,bakerchristopher@example.com,Standard,Joshua,Mcmahon,3840 Carlos Course,SK,St. John's,3840 Carlos Course
9076,hherrera@example.org,Standard,Nicole,Mathis,710 Cooper Mountain Apt. 649,ON,Halifax,710 Cooper Mountain Apt. 649
1679,andersonmaurice@example.com,Standard,Frederick,Phillips,83161 Bradley Stream Suite 621,PE,Winnipeg,83161 Bradley Stream Suite 621
9292,jessicajackson@example.com,Standard,Linda,Petersen,09486 Mcfarland Summit,NS,Winnipeg,09486 Mcfarland Summit
622,christensenkelly@example.org,Premium,Mary,Rice,01560 Olsen Drive Suite 285,NS,Sudbury,01560 Olsen Drive Suite 285
2655,jeremyknight@example.com,Standard,Mark,Rodriguez,03146 Anthony Terrace Suite 931,NS,Quebec City,03146 Anthony Terrace Suite 931
1265,schmittkenneth@example.net,Standard,Tammy,Johnson,38509 Mark Branch,NU,Victoria,38509 Mark Branch
4360,robertsangela@example.net,Premium,Stephanie,Reeves,84464 Sherman Summit,NS,Oshawa,84464 Sherman Summit
7498,elizabethriley@example.org,Standard,Michelle,Oneill,851 Carla Vista Suite 301,NU,Kelowna,851 Carla Vista Suite 301
5976,brandon90@example.org,Premium,Michael,Powell,7649 Angel Canyon Apt. 538,NB,Nanaimo,7649 Angel Canyon Apt. 538
9839,stephen24@example.org,Standard,Anthony,Lang,5301 Angela Prairie,NU,Kamloops,5301 Angela Prairie
9423,zlove@example.net,Standard,Alexander,Robles,689 Rogers Way Apt. 873,SK,Abbotsford,689 Rogers Way Apt. 873
3872,natashavaughn@example.net,Standard,Robert,Riley,0550 Charles Knoll,BC,Toronto,0550 Charles Knoll
7945,hreynolds@example.org,Standard,Jason,Hays,5330 Moore Groves Apt. 536,SK,Kitchener,5330 Moore Groves Apt. 536
5067,sonya44@example.com,Premium,William,Martin,262 Theodore River,MB,Sudbury,262 Theodore River
6410,joe61@example.com,Premium,Tiffany,Lopez,0540 Marc Isle,YT,Abbotsford,0540 Marc Isle
9094,emoore@example.com,Premium,Misty,Blackwell,4072 Hansen Lane Apt. 795,NL,Fredericton,4072 Hansen Lane Apt. 795
8682,lball@example.org,Standard,John,Lozano,475 Martin Pass,BC,Regina,475 Martin Pass
4678,paul34@example.com,Standard,Megan,Nolan,408 Jorge Trail,NB,Abbotsford,408 Jorge Trail
1889,curtisboyd@example.com,Premium,Larry,Mccann,224 Erica Loop,NL,Sudbury,224 Erica Loop
6875,brownnicole@example.com,Premium,Brent,Lopez,862 Evans Harbors Apt. 911,YT,Nanaimo,862 Evans Harbors Apt. 911
3831,cjones@example.net,Standard,Jennifer,Mann,7206 Bryan Mountains,MB,St. John's,7206 Bryan Mountains
3240,alexander38@example.net,Standard,Teresa,Bell,176 Brock Trace,NS,Fredericton,176 Brock Trace
6856,jennifer64@example.org,Premium,Dawn,Martinez,7187 Byrd Highway,QC,Kitchener,7187 Byrd Highway
6364,cobbdylan@example.org,Premium,Monica,Atkinson,4530 Catherine Fall,MB,Abbotsford,4530 Catherine Fall
9120,osingleton@example.com,Standard,Brian,Long,15338 Mack Lodge,SK,Kingston,15338 Mack Lodge
543,austinbutler@example.org,Premium,Maria,Mayer,928 Jeff Islands,ON,Oshawa,928 Jeff Islands
9393,bdavis@example.net,Premium,Tara,English,618 Powell Gardens,NU,Kingston,618 Powell Gardens
9871,isaacwilliamson@example.com,Standard,David,Erickson,15405 Lee Mills Suite 515,NL,Ottawa,15405 Lee Mills Suite 515
7288,qwalker@example.com,Premium,Amanda,Elliott,56258 Jennifer Run Apt. 140,PE,Ottawa,56258 Jennifer Run Apt. 140
269,thomasgonzalez@example.org,Standard,Bradley,Bell,215 Perez Place,NB,Montreal,215 Perez Place
9313,tcook@example.org,Standard,Jason,Harper,9163 Barbara Lakes,YT,London,9163 Barbara Lakes
7369,corey53@example.org,Standard,Alexandra,Bautista,34360 Carl Park Apt. 434,QC,Victoria,34360 Carl Park Apt. 434
3421,donnajones@example.com,Standard,Denise,Roberts,1392 Michael Spur,NS,Toronto,1392 Michael Spur
8980,simmonsmax@example.net,Standard,Lawrence,Adams,96271 Kimberly Cliffs Suite 825,QC,Thunder Bay,96271 Kimberly Cliffs Suite 825
2173,dylanparks@example.net,Premium,Donna,Dillon,72475 Maria View Suite 823,QC,Kingston,72475 Maria View Suite 823
814,yhuang@example.com,Standard,Mark,Fernandez,8510 Anderson Coves,NB,Quebec City,8510 Anderson Coves
8478,greenemichelle@example.org,Premium,Melissa,Miller,466 Bates Islands,YT,Kingston,466 Bates Islands
4692,michael43@example.com,Standard,Sherri,Warren,83152 Angelica Fall Suite 128,AB,Charlottetown,83152 Angelica Fall Suite 128
5060,roy63@example.com,Premium,Yolanda,Mills,7474 Hansen Shoal Suite 692,NU,Regina,7474 Hansen Shoal Suite 692
2017,katelynvasquez@example.com,Premium,Ariana,Sanders,1554 Fernandez Keys,NL,Thunder Bay,1554 Fernandez Keys
5514,sblackwell@example.com,Premium,Steven,Paul,4629 Brian Terrace,ON,Ottawa,4629 Brian Terrace
3452,brianhayes@example.com,Premium,Rachel,Young,356 Matthew Courts,NL,Nanaimo,356 Matthew Courts
5178,joanna70@example.org,Premium,James,Wagner,30023 Barnes Center Apt. 855,NU,Halifax,30023 Barnes Center Apt. 855
1181,hillsharon@example.net,Standard,Jared,Wilcox,6407 Martin Rapids Suite 131,NS,Vancouver,6407 Martin Rapids Suite 131
6868,cdonovan@example.com,Premium,Jill,Gray,6246 Jennifer Ranch Suite 677,QC,Calgary,6246 Jennifer Ranch Suite 677
3045,susan54@example.net,Premium,Nathan,Costa,1309 Tracy Gateway,NS,Toronto,1309 Tracy Gateway
2828,pallison@example.com,Standard,Donald,Smith,929 Blake Mountain Suite 717,PE,Kingston,929 Blake Mountain Suite 717
8712,cooperlisa@example.net,Premium,Karen,Brooks,865 Pamela Prairie,BC,Whitehorse,865 Pamela Prairie
78,blankenshipmatthew@example.org,Standard,Robert,Harris,85616 Christopher Glens,AB,Regina,85616 Christopher Glens
4438,douglas07@example.org,Premium,Patty,Quinn,7846 Brenda Roads,NS,Calgary,7846 Brenda Roads
1407,timothy02@example.net,Premium,Sonia,Johnson,153 Lam Manors Suite 092,BC,Regina,153 Lam Manors Suite 092
2518,katherinebeltran@example.com,Premium,Danielle,Anderson,4064 Hartman Underpass,MB,Yellowknife,4064 Hartman Underpass
1352,smartinez@example.com,Premium,Erica,Reed,58197 Joy Extension Apt. 967,YT,Montreal,58197 Joy Extension Apt. 967
6141,hensonmaria@example.com,Standard,Theresa,Singh,91063 Brittany Union Apt. 554,BC,Kitchener,91063 Brittany Union Apt. 554
1237,johnhill@example.org,Standard,Susan,Brooks,53739 Davis Loop Suite 375,SK,Victoria,53739 Davis Loop Suite 375
6668,davidwalker@example.net,Premium,Joy,Mccarthy,45080 Adam Rapid,YT,Yellowknife,45080 Adam Rapid
267,wgreer@example.net,Standard,Justin,Davis,8314 Lisa Corners Apt. 954,SK,Iqaluit,8314 Lisa Corners Apt. 954
5761,joseph93@example.com,Premium,Tammy,Rivera,082 Foster Fords,AB,Kitchener,082 Foster Fords
4457,pbrewer@example.com,Premium,Jennifer,Huffman,8447 Miller Via,AB,Winnipeg,8447 Miller Via
1579,teresafischer@example.org,Premium,Sharon,Gomez,03581 Austin Spurs,NU,Charlottetown,03581 Austin Spurs
9054,osnow@example.com,Premium,Latoya,Nguyen,155 Ronnie Grove Apt. 619,SK,Thunder Bay,155 Ronnie Grove Apt. 619
8295,davisandrea@example.org,Premium,Cody,Craig,529 Corey Valleys Apt. 079,NL,Hamilton,529 Corey Valleys Apt. 079
5293,marquezmary@example.com,Standard,Todd,Wagner,05879 Howard Crossroad,SK,Quebec City,05879 Howard Crossroad
2522,elizabeth60@example.com,Premium,Anthony,Rosario,87041 Hooper Cove Suite 142,AB,Charlottetown,87041 Hooper Cove Suite 142
7115,timothytaylor@example.net,Standard,Jessica,Harris,9426 David Alley Apt. 888,NU,Fredericton,9426 David Alley Apt. 888
7818,vpeterson@example.net,Standard,Joshua,Garcia,7672 Kayla Loop,NU,Iqaluit,7672 Kayla Loop
9439,crystalcortez@example.net,Premium,Sandy,Welch,5461 Kelsey Mill Apt. 616,NT,Kitchener,5461 Kelsey Mill Apt. 616
606,rossdebbie@example.net,Premium,Reginald,Friedman,83330 Gutierrez Green,NS,London,83330 Gutierrez Green
9701,robert97@example.org,Premium,Charles,Roy,106 Lam Circle,AB,Quebec City,106 Lam Circle
7132,jjohnson@example.com,Premium,Mary,Clay,84726 Brian Wells Suite 374,SK,Oshawa,84726 Brian Wells Suite 374
5843,guzmankendra@example.net,Standard,Catherine,Elliott,0137 Amanda Lake,ON,Hamilton,0137 Amanda Lake
2030,morrispaul@example.net,Premium,Christopher,Moran,477 Harold Mission,SK,Vancouver,477 Harold Mission
4732,fanderson@example.org,Premium,Heather,Sandoval,5739 Wilson Harbors Suite 672,SK,Montreal,5739 Wilson Harbors Suite 672
3742,stephanie82@example.com,Standard,Briana,Moore,367 Beck Bridge Apt. 408,NB,London,367 Beck Bridge Apt. 408
9684,rosedennis@example.net,Standard,Maurice,Williams,12056 Rachel Fords,AB,Sudbury,12056 Rachel Fords
7751,fwebb@example.com,Premium,Hannah,Greene,175 Diaz Orchard Suite 842,AB,Fredericton,175 Diaz Orchard Suite 842
8554,eharris@example.org,Standard,Jennifer,Smith,476 Green Falls,BC,Vancouver,476 Green Falls
1460,morrisbrooke@example.org,Standard,Elizabeth,Mejia,435 Robbins Mountains,AB,Kingston,435 Robbins Mountains
8895,alexandraanderson@example.net,Standard,Zachary,Foster,63850 Reynolds Wells,ON,Edmonton,63850 Reynolds Wells
6134,browndonna@example.net,Premium,Mary,Riley,72411 Patrick Lane Suite 256,NU,Whitehorse,72411 Patrick Lane Suite 256
9569,christina27@example.net,Premium,Michael,French,4472 Charles Orchard,BC,London,4472 Charles Orchard
5669,angelarobinson@example.com,Standard,Kathryn,Bryant,00918 Morgan Glens Apt. 222,NB,Whitehorse,00918 Morgan Glens Apt. 222
5840,sarajones@example.org,Standard,Susan,Castillo,758 Jacobs Valley,ON,Kelowna,758 Jacobs Valley
5093,jorgeanderson@example.net,Standard,Edwin,Gould,6674 Silva Locks,NS,Quebec City,6674 Silva Locks
3465,uwood@example.com,Premium,Eduardo,Rios,44244 Derek Burgs Apt. 380,ON,St. John's,44244 Derek Burgs Apt. 380
3572,kimberlyhill@example.net,Standard,Janice,Hammond,4459 Cunningham Shoal Apt. 648,BC,Ottawa,4459 Cunningham Shoal Apt. 648
9245,morganemily@example.com,Standard,Tyler,Smith,338 Amy Lock,MB,Calgary,338 Amy Lock
4194,lewisjason@example.net,Premium,Michael,Mccoy,802 Patrick Plains,NS,Yellowknife,802 Patrick Plains
2374,stephaniemitchell@example.net,Standard,Charles,Gordon,0003 Jill Mission Suite 735,PE,Calgary,0003 Jill Mission Suite 735
8996,huntcynthia@example.com,Standard,Jeffrey,Schmidt,304 Joshua Drive,AB,Oshawa,304 Joshua Drive
9159,shanewilliams@example.com,Standard,Kristin,Robinson,0423 Sanders Pines Suite 908,NT,Whitehorse,0423 Sanders Pines Suite 908
9163,tbell@example.org,Premium,Elizabeth,Moore,664 Shirley Lake,MB,Kingston,664 Shirley Lake
1873,lambnicole@example.net,Standard,Robert,Lowery,22102 James Lakes Apt. 790,QC,Sudbury,22102 James Lakes Apt. 790
7264,nrobinson@example.net,Standard,William,Hardin,33322 Torres Unions Apt. 298,BC,Oshawa,33322 Torres Unions Apt. 298
9184,autumnwright@example.org,Standard,Edward,Daniels,02252 Anthony Mountain,AB,Calgary,02252 Anthony Mountain
2434,christine23@example.com,Premium,Susan,Johnson,7113 Lopez Mountain,YT,Hamilton,7113 Lopez Mountain
3808,michael51@example.net,Standard,Jennifer,Holmes,4145 Mcdaniel Club,NL,Yellowknife,4145 Mcdaniel Club
5908,uschultz@example.net,Standard,Jennifer,Soto,3258 Robert Run Suite 741,NL,Yellowknife,3258 Robert Run Suite 741
7900,kellyguzman@example.org,Premium,Christopher,Robinson,41295 Reyes Locks Apt. 544,NS,London,41295 Reyes Locks Apt. 544
3885,heather75@example.org,Premium,Scott,Bender,041 Jessica Branch,AB,Windsor,041 Jessica Branch
2513,charlotte76@example.org,Premium,Robert,Rodriguez,3159 Samantha Parkways,NB,Kingston,3159 Samantha Parkways
9793,marissa48@example.org,Premium,Lori,Moran,5807 Jamie Orchard Suite 774,AB,Kelowna,5807 Jamie Orchard Suite 774
2917,lawsondaniel@example.org,Standard,Grace,Jones,4988 Jackson Road,NL,Victoria,4988 Jackson Road
8171,kristenross@example.com,Standard,David,Brown,528 Morris Lake,YT,Toronto,528 Morris Lake
8673,sandra01@example.org,Premium,Nicholas,Day,1243 Christian Stream,MB,Calgary,1243 Christian Stream
9240,robert18@example.com,Premium,Jo,Brown,3089 Daniel Valley Apt. 574,QC,Kelowna,3089 Daniel Valley Apt. 574
775,ncox@example.com,Premium,Justin,Robles,1867 Smith Ports,BC,Regina,1867 Smith Ports
4228,browncody@example.org,Standard,Beth,Huerta,12268 Anderson Station,NS,Fredericton,12268 Anderson Station
2923,jeffrey59@example.org,Standard,Leslie,Duran,719 Martin Mountains Apt. 561,NU,Charlottetown,719 Martin Mountains Apt. 561
9691,guy14@example.org,Premium,Ricky,Walker,74228 Williams Trail,SK,Regina,74228 Williams Trail
6896,simoncynthia@example.com,Standard,Luis,Ho,3723 Hodges Mount,NT,Kamloops,3723 Hodges Mount
5535,ryan65@example.net,Standard,Jessica,Nguyen,1314 Glover Cliff,NS,Nanaimo,1314 Glover Cliff
3573,roachjoshua@example.net,Standard,Scott,Stone,7804 Karen Cove,NU,London,7804 Karen Cove
3641,rjohnson@example.com,Standard,Sarah,Moreno,16807 Timothy Heights Suite 213,NT,Nanaimo,16807 Timothy Heights Suite 213
32,hernandeznatalie@example.com,Premium,Michelle,Byrd,66910 Jody Loaf,NS,Hamilton,66910 Jody Loaf
8134,craigalyssa@example.org,Premium,Dillon,Young,036 Danielle Walk Apt. 334,NL,Kelowna,036 Danielle Walk Apt. 334
1264,kimberly86@example.org,Standard,Rhonda,Pierce,506 Brandon Locks,NS,Sudbury,506 Brandon Locks
6595,khuerta@example.org,Premium,Joseph,Taylor,0008 Blake Ridges Apt. 023,ON,Montreal,0008 Blake Ridges Apt. 023
2310,charlotteaguilar@example.org,Standard,Monica,Bennett,107 Frederick Fall,YT,Halifax,107 Frederick Fall
4521,johnathan24@example.net,Standard,Lisa,Kline,326 Daniel Manors Apt. 899,NS,Charlottetown,326 Daniel Manors Apt. 899
4146,dmartinez@example.org,Premium,Stephanie,Brown,69537 Matthew Mills Apt. 638,YT,Calgary,69537 Matthew Mills Apt. 638
8189,robersonpatricia@example.net,Premium,Angela,Estrada,178 Vang Garden,BC,Kamloops,178 Vang Garden
8385,campbellkristen@example.com,Premium,Gina,Hogan,947 Stephanie Causeway Apt. 086,PE,Abbotsford,947 Stephanie Causeway Apt. 086
7077,rross@example.net,Standard,Vincent,Gates,94383 Christopher Island,QC,Fredericton,94383 Christopher Island
8576,hickmanashley@example.net,Premium,Kimberly,Edwards,5174 Holmes Forges Suite 623,QC,Calgary,5174 Holmes Forges Suite 623
2460,marco01@example.net,Premium,David,Dalton,589 Stevenson Island Apt. 603,BC,Quebec City,589 Stevenson Island Apt. 603
8061,hubbardteresa@example.org,Premium,Danielle,Allen,94564 Flynn Common Apt. 996,PE,Sudbury,94564 Flynn Common Apt. 996
5707,davidreyes@example.com,Premium,Daniel,Wright,347 Cynthia Streets,NS,Kamloops,347 Cynthia Streets
7092,patricialopez@example.net,Standard,Frank,Carroll,7289 Roth Fort Suite 468,NT,London,7289 Roth Fort Suite 468
5722,zachary64@example.net,Premium,Amanda,Bentley,88758 John Meadows Suite 075,PE,Whitehorse,88758 John Meadows Suite 075
4547,aaron35@example.net,Standard,Kelly,Banks,5659 Kaufman Shoal Apt. 204,NT,Winnipeg,5659 Kaufman Shoal Apt. 204
7326,bspencer@example.net,Premium,Katherine,Taylor,24758 Cynthia Causeway,NS,Kingston,24758 Cynthia Causeway
4582,priceleslie@example.org,Premium,Diane,Bailey,216 Phelps Lodge Apt. 094,BC,Montreal,216 Phelps Lodge Apt. 094
6962,millerlisa@example.org,Premium,Donna,Beck,249 Cynthia Route Apt. 082,QC,Regina,249 Cynthia Route Apt. 082
8064,upennington@example.org,Standard,Alyssa,Davis,04165 Chen Pike,NU,Ottawa,04165 Chen Pike
6942,maryhall@example.com,Standard,Sarah,Vasquez,412 Katelyn Crossing Suite 536,PE,Thunder Bay,412 Katelyn Crossing Suite 536
3677,anthonyweaver@example.org,Premium,Mark,Mcdonald,29899 Thomas Village,AB,Edmonton,29899 Thomas Village
7245,mendozajames@example.net,Premium,Eric,Flores,7049 Nathan Circle Apt. 086,AB,Victoria,7049 Nathan Circle Apt. 086
10,christopherjordan@example.org,Standard,Melissa,Kelley,5878 Erica Track,NS,Oshawa,5878 Erica Track
8909,catherine86@example.org,Premium,Harold,Bowen,38602 Galvan Underpass,QC,Abbotsford,38602 Galvan Underpass
371,munozcody@example.net,Premium,Bradley,Smith,9327 Robert Light Suite 622,ON,St. John's,9327 Robert Light Suite 622
1255,justin81@example.com,Standard,Spencer,Adams,0953 Mcintosh Garden,QC,Saskatoon,0953 Mcintosh Garden
1614,delgadoamy@example.org,Premium,Ian,Walker,7147 Morris Ports Suite 244,MB,Nanaimo,7147 Morris Ports Suite 244
6726,chriscain@example.com,Standard,Jacob,Lee,04662 Adams Skyway Suite 370,PE,Charlottetown,04662 Adams Skyway Suite 370
3717,yrodriguez@example.org,Standard,Kathryn,Watts,3342 Stewart Knoll,NL,Fredericton,3342 Stewart Knoll
7935,amyhubbard@example.org,Standard,Kathryn,Simmons,10883 Andrew Prairie Apt. 477,NL,Whitehorse,10883 Andrew Prairie Apt. 477
9039,floresmichael@example.com,Premium,Monique,Ward,659 Blair Dam Apt. 224,NT,Kelowna,659 Blair Dam Apt. 224
458,sharon20@example.org,Premium,Sandy,Hicks,1494 Nicholas Island Apt. 745,NL,Thunder Bay,1494 Nicholas Island Apt. 745
7004,pmann@example.com,Standard,Calvin,Harris,4755 Andrea Streets,NU,Toronto,4755 Andrea Streets
8202,wandafischer@example.org,Premium,Kimberly,Greene,0409 Bell Row,YT,Vancouver,0409 Bell Row
3369,gainesalyssa@example.net,Premium,Shannon,Love,2693 Owens Place,MB,Kelowna,2693 Owens Place
1214,huynhsteven@example.org,Standard,Isaac,Martinez,3276 King Lock Apt. 953,ON,Kingston,3276 King Lock Apt. 953
3532,mathisapril@example.com,Standard,Rebecca,Duran,1046 Thomas Gardens Suite 031,ON,Calgary,1046 Thomas Gardens Suite 031
5391,osanchez@example.org,Premium,Victoria,Johnson,666 Mason Route,NL,Hamilton,666 Mason Route
8571,jamesbrewer@example.org,Standard,Amanda,Boyd,8280 Jennifer Ridge Apt. 325,NS,Montreal,8280 Jennifer Ridge Apt. 325
8389,dobrien@example.org,Standard,John,Clark,90816 Benjamin Prairie,NL,Kamloops,90816 Benjamin Prairie
6897,irodriguez@example.com,Premium,April,Brewer,5757 Gray Locks,ON,Yellowknife,5757 Gray Locks
3805,olsonjordan@example.org,Standard,Melody,Kelly,33724 Olson Crossroad Suite 862,MB,Saskatoon,33724 Olson Crossroad Suite 862
9541,williamscharles@example.com,Premium,Jennifer,Johnson,30698 Bates Garden Suite 712,BC,Quebec City,30698 Bates Garden Suite 712
9568,lisa54@example.org,Standard,Ana,Norman,417 Brian Gateway,AB,Thunder Bay,417 Brian Gateway
3860,valenciamichael@example.com,Premium,Ryan,Smith,6511 Nicole Point Apt. 398,YT,Regina,6511 Nicole Point Apt. 398
6467,kennethwilson@example.com,Standard,Christopher,Lucas,97805 Hughes Orchard,QC,Montreal,97805 Hughes Orchard
7344,cfernandez@example.com,Standard,Logan,Garcia,00870 Doyle Divide,ON,Ottawa,00870 Doyle Divide
9078,jason18@example.org,Premium,Melissa,Novak,46590 Melanie Extensions,NU,Charlottetown,46590 Melanie Extensions
7084,reeddouglas@example.net,Premium,Richard,Taylor,82757 Carter Lights Suite 830,NB,Halifax,82757 Carter Lights Suite 830
7269,dennis49@example.org,Standard,Frederick,Webb,5919 Gregory Prairie Apt. 881,AB,Saskatoon,5919 Gregory Prairie Apt. 881
5488,cynthia05@example.com,Premium,Cheyenne,Waters,18438 Bethany Heights,YT,Saskatoon,18438 Bethany Heights
2360,jamesmorales@example.net,Standard,Timothy,Roy,53659 Dodson Route Apt. 973,MB,Hamilton,53659 Dodson Route Apt. 973
1813,cartermichelle@example.net,Premium,Paul,Olson,2704 Angela Avenue,NL,Toronto,2704 Angela Avenue
4503,xherring@example.com,Standard,Melissa,Woods,82736 Raymond Manors Suite 414,SK,Oshawa,82736 Raymond Manors Suite 414
4276,ghart@example.net,Standard,Kerri,Barrera,6986 Miranda Via,NU,Windsor,6986 Miranda Via
6201,juliesmith@example.org,Standard,Christopher,Bishop,88596 Susan Glen,NL,Kitchener,88596 Susan Glen
6021,icherry@example.com,Premium,Matthew,Garner,789 Tucker Key Apt. 045,YT,Fredericton,789 Tucker Key Apt. 045
8241,fdavis@example.org,Premium,Joseph,Sutton,8668 Martin Burg,AB,Iqaluit,8668 Martin Burg
4385,robert87@example.net,Standard,Stephanie,Mathews,73259 Rebecca Corners Apt. 719,SK,Yellowknife,73259 Rebecca Corners Apt. 719
9667,santosrebecca@example.com,Premium,Theresa,Sullivan,42843 Castro Valleys Apt. 343,NT,Sudbury,42843 Castro Valleys Apt. 343
6797,gsims@example.com,Standard,Cristina,Hobbs,775 Amy Center,YT,Calgary,775 Amy Center
2186,ybrooks@example.org,Premium,Steven,Price,62537 Thompson Mills Apt. 854,QC,Kingston,62537 Thompson Mills Apt. 854
118,nmacdonald@example.com,Premium,Marco,Obrien,2830 Judy Brooks,NT,Ottawa,2830 Judy Brooks
4269,ramoslindsay@example.org,Premium,Ashley,Bridges,00314 Misty Ramp,QC,Winnipeg,00314 Misty Ramp
9252,robinsonseth@example.org,Standard,Amber,Williams,08988 James Vista Apt. 665,YT,Victoria,08988 James Vista Apt. 665
3326,tarasmith@example.com,Standard,Ian,Garcia,9760 Carroll Mill,MB,Vancouver,9760 Carroll Mill
7679,michellevega@example.net,Standard,Calvin,Stafford,0231 Anthony Plaza,AB,Fredericton,0231 Anthony Plaza
5388,heberttammy@example.net,Premium,Diana,Fletcher,7009 Ryan Pass Apt. 983,QC,Abbotsford,7009 Ryan Pass Apt. 983
3951,zmcdaniel@example.net,Premium,Maria,Williams,2093 Wagner Fords Suite 009,NL,Charlottetown,2093 Wagner Fords Suite 009
1979,ryanchristina@example.org,Standard,Rebecca,Gomez,7312 Lisa Knolls,NL,Iqaluit,7312 Lisa Knolls
1308,jamesenglish@example.com,Premium,Keith,Dougherty,2684 Shaw Field Apt. 916,MB,Whitehorse,2684 Shaw Field Apt. 916
3263,mhammond@example.net,Premium,Brett,Hill,56116 Cordova Burgs,NU,Winnipeg,56116 Cordova Burgs
2403,baileyhannah@example.org,Premium,Jessica,Carpenter,252 Michael Plaza Suite 193,PE,Windsor,252 Michael Plaza Suite 193
5015,gmurphy@example.com,Premium,Amanda,Donaldson,28180 Alvarado Estate,NL,Kamloops,28180 Alvarado Estate
5251,ericmay@example.org,Standard,Corey,Warren,96234 Anderson Locks Apt. 198,AB,London,96234 Anderson Locks Apt. 198
1627,simsrobert@example.net,Standard,Patrick,Burns,90593 Shannon Alley Apt. 905,QC,Oshawa,90593 Shannon Alley Apt. 905
7418,jonesmichelle@example.com,Premium,Caleb,Welch,5196 Hanson Stravenue,QC,Ottawa,5196 Hanson Stravenue
9530,jason83@example.com,Premium,John,Morris,88371 Knight Cliff Suite 869,MB,Saskatoon,88371 Knight Cliff Suite 869
7567,aaronmelton@example.net,Standard,Patricia,Garrett,96586 Anderson Courts Apt. 911,BC,Hamilton,96586 Anderson Courts Apt. 911
857,brittany58@example.org,Standard,Christie,Cameron,1198 Wendy Center Apt. 932,ON,Edmonton,1198 Wendy Center Apt. 932
1955,ryan59@example.com,Premium,Juan,Wilson,5985 Lisa Cape,AB,Saskatoon,5985 Lisa Cape
6996,kimthomas@example.org,Standard,Dakota,Miranda,03954 Perez Union,YT,Winnipeg,03954 Perez Union
5176,christina33@example.com,Premium,Jose,Jones,1548 Bennett Spur,BC,Whitehorse,1548 Bennett Spur
1306,myersregina@example.org,Standard,Joseph,Campos,6905 Evans River Apt. 019,MB,Windsor,6905 Evans River Apt. 019
715,larsonjennifer@example.net,Premium,Larry,Wall,5755 Chavez Hollow,SK,Vancouver,5755 Chavez Hollow
2027,colemandesiree@example.net,Premium,Javier,Lee,58488 Navarro Trail,YT,Charlottetown,58488 Navarro Trail
1556,zmartin@example.net,Standard,Ryan,Jenkins,081 Robertson Hills,QC,Iqaluit,081 Robertson Hills
628,vlopez@example.org,Standard,Cassidy,Wells,244 Taylor Island Apt. 174,QC,Hamilton,244 Taylor Island Apt. 174
2085,gwood@example.net,Standard,Kelly,Henry,2529 Byrd Station,NT,Thunder Bay,2529 Byrd Station
687,ljackson@example.net,Standard,Joseph,Savage,05950 Patterson Parkway,ON,Kingston,05950 Patterson Parkway
2432,gillespiemandy@example.net,Premium,Taylor,Wilson,1922 Jones Ridges,NU,Charlottetown,1922 Jones Ridges
9205,hooverbrian@example.com,Standard,Beth,Young,4027 Thomas Burg,ON,Oshawa,4027 Thomas Burg
2697,joseph40@example.org,Premium,Patricia,Guzman,2442 Phillip Mountain Apt. 649,PE,Nanaimo,2442 Phillip Mountain Apt. 649
6851,uwilson@example.org,Standard,Brandy,Johnson,09121 Mcknight Court,ON,Thunder Bay,09121 Mcknight Court
9294,brianhobbs@example.org,Premium,Latasha,Davis,907 Carol Rue,MB,St. John's,907 Carol Rue
6271,maryhartman@example.org,Premium,Spencer,Chapman,780 Carroll Avenue,YT,Whitehorse,780 Carroll Avenue
5988,kristen29@example.org,Premium,Mercedes,Kelly,39828 Harper Circle,MB,Iqaluit,39828 Harper Circle
5274,bob46@example.org,Standard,Dennis,Hoffman,19010 Dawson Crest Suite 808,NT,Kelowna,19010 Dawson Crest Suite 808
7753,colin62@example.org,Premium,Melissa,Andrade,11480 Michael Lane,SK,Victoria,11480 Michael Lane
1722,obrienvernon@example.com,Premium,Ashley,Austin,611 James Squares,BC,Ottawa,611 James Squares
884,usmith@example.org,Premium,Jonathan,Patton,149 Andrea Ville,SK,Ottawa,149 Andrea Ville
42,ernest15@example.com,Premium,Brandon,Lewis,437 Jamie Land,NU,Fredericton,437 Jamie Land
4351,gallegoswilliam@example.org,Standard,Kimberly,Ross,0667 Moody Mount,SK,London,0667 Moody Mount
7714,tiffanyterrell@example.org,Standard,Oscar,Garcia,4215 Jacqueline Knolls Apt. 286,NT,Ottawa,4215 Jacqueline Knolls Apt. 286
9629,bauersharon@example.org,Standard,Denise,Williams,54293 Jerry Road Apt. 740,PE,Quebec City,54293 Jerry Road Apt. 740
7954,richardsondebra@example.org,Standard,Christina,Arroyo,8026 Tina Fields,BC,Toronto,8026 Tina Fields
1293,emily24@example.net,Premium,Stephen,Sanchez,1960 Booth Overpass,AB,Windsor,1960 Booth Overpass
3910,stephen09@example.net,Premium,Edgar,Mitchell,3832 Caitlin Court,NB,Kamloops,3832 Caitlin Court
6973,allison39@example.com,Premium,Michael,Reyes,299 Jennifer Tunnel Suite 443,QC,Fredericton,299 Jennifer Tunnel Suite 443
7254,birdangelica@example.net,Premium,Pamela,Meyer,3010 Guzman Burgs,NB,Montreal,3010 Guzman Burgs
1110,kim00@example.org,Premium,Tammy,Mahoney,3057 Nicholas Field,YT,London,3057 Nicholas Field
7585,leejennifer@example.com,Standard,Sara,Morris,24343 Jackson Forge Apt. 286,PE,Edmonton,24343 Jackson Forge Apt. 286
5986,annbrewer@example.com,Standard,Patricia,Hart,9946 Steele Mill Apt. 737,MB,Ottawa,9946 Steele Mill Apt. 737
9664,katie74@example.net,Premium,Tiffany,Boyd,1591 Armstrong Cliff,BC,Thunder Bay,1591 Armstrong Cliff
5936,ihendrix@example.net,Premium,Jason,Blankenship,2737 Garcia Cape,NL,Victoria,2737 Garcia Cape
201,jamesmendoza@example.com,Premium,Angela,Cruz,12433 Harris Prairie Suite 220,NL,Sudbury,12433 Harris Prairie Suite 220
8265,robinsonrobert@example.org,Premium,Daniel,Sherman,43399 Garcia Divide,PE,Windsor,43399 Garcia Divide
8651,annacastillo@example.org,Standard,Ryan,Morgan,19084 Flynn Passage Apt. 470,NB,Victoria,19084 Flynn Passage Apt. 470
9224,wlawrence@example.net,Premium,Robert,Rivera,2582 Guzman Walk Apt. 581,SK,Kamloops,2582 Guzman Walk Apt. 581
9097,hharrison@example.org,Standard,Kimberly,Waller,8872 Cheryl Land Apt. 891,MB,Vancouver,8872 Cheryl Land Apt. 891
3568,connermatthew@example.net,Premium,Kristen,Doyle,688 Deleon Springs,QC,Kamloops,688 Deleon Springs
2242,sara85@example.com,Premium,David,Shaw,0691 Griffin Mountain Suite 014,SK,Abbotsford,0691 Griffin Mountain Suite 014
3035,hendrixolivia@example.org,Premium,Samuel,Stone,58656 Randolph Mountain,NS,Montreal,58656 Randolph Mountain
2489,timothysmith@example.com,Premium,Alexander,Pitts,56031 Sutton Mill Suite 788,NS,Oshawa,56031 Sutton Mill Suite 788
5501,dfrancis@example.net,Standard,Ashley,Rodriguez,722 Davis Haven Suite 980,BC,Winnipeg,722 Davis Haven Suite 980
15,nbartlett@example.net,Premium,Kathryn,Smith,8854 Wayne Estate Suite 448,MB,Victoria,8854 Wayne Estate Suite 448
287,steven05@example.org,Standard,Julie,Ruiz,51058 Peterson Ferry,NL,Ottawa,51058 Peterson Ferry
2700,scotterica@example.org,Premium,Keith,Kelley,36205 Johnson River Suite 579,BC,Charlottetown,36205 Johnson River Suite 579
1918,edgar82@example.com,Premium,Carla,Curtis,08886 Daniel Cove Apt. 040,ON,Edmonton,08886 Daniel Cove Apt. 040
8357,michaelmartinez@example.com,Standard,James,Conway,685 Teresa Plains,NT,Iqaluit,685 Teresa Plains
4514,carterdennis@example.org,Standard,Calvin,Neal,0896 Oneill Glens,SK,Toronto,0896 Oneill Glens
8164,rmiller@example.org,Premium,Heather,Mendez,595 Benjamin Walks Apt. 248,YT,Charlottetown,595 Benjamin Walks Apt. 248
8864,gwerner@example.net,Premium,Dustin,Davenport,51881 Kristin Garden,NL,Oshawa,51881 Kristin Garden
4830,mcgeerichard@example.com,Premium,Edward,Hopkins,35139 Craig Bypass,NU,Yellowknife,35139 Craig Bypass
5194,reynoldswilliam@example.com,Premium,Tammy,Ruiz,4363 Smith Burgs,QC,Yellowknife,4363 Smith Burgs
8911,arroyokristen@example.net,Standard,Jeremy,Nichols,530 Richard Extensions,BC,Kamloops,530 Richard Extensions
1228,huntmichelle@example.org,Premium,Edward,Barnes,9819 Anderson Club Suite 703,NT,London,9819 Anderson Club Suite 703
991,andradechristopher@example.net,Premium,Leonard,Key,3536 Green Brook Suite 860,NT,Sudbury,3536 Green Brook Suite 860
9914,whitelindsay@example.org,Standard,Danielle,Brown,524 Logan Pine Suite 907,SK,Quebec City,524 Logan Pine Suite 907
2819,ashley47@example.org,Standard,Steven,West,62601 Richard Knolls Suite 896,QC,Whitehorse,62601 Richard Knolls Suite 896
2405,ashley61@example.com,Standard,Laura,Ryan,5393 Perez Forge Apt. 628,SK,Toronto,5393 Perez Forge Apt. 628
4468,spencecorey@example.org,Premium,James,Quinn,39381 Stephanie Shoal,BC,Vancouver,39381 Stephanie Shoal
140,olozano@example.net,Premium,Patricia,Zamora,8486 Mary Mountain,NS,Yellowknife,8486 Mary Mountain
3210,vmarquez@example.net,Premium,Jonathan,Curtis,6753 Hector Fall Apt. 747,NL,Charlottetown,6753 Hector Fall Apt. 747
4572,broy@example.net,Premium,Richard,Castillo,51576 Mary Valleys,MB,Sudbury,51576 Mary Valleys
4394,danielledavila@example.org,Standard,Nathan,Patton,3304 Robertson Lodge Suite 693,NT,Nanaimo,3304 Robertson Lodge Suite 693
3188,christopherwalters@example.org,Premium,Kevin,Weiss,9717 Lisa Streets,NL,Vancouver,9717 Lisa Streets
8925,fvaughn@example.com,Standard,Andrea,Keller,995 Michael Hill Suite 125,QC,Quebec City,995 Michael Hill Suite 125
2915,jennifer11@example.net,Standard,Kimberly,Andrade,7442 Hernandez Avenue Suite 165,NB,Regina,7442 Hernandez Avenue Suite 165
9744,hillmichele@example.org,Standard,Kimberly,Gonzalez,619 Ann Villages Suite 598,MB,Iqaluit,619 Ann Villages Suite 598
3461,sjohnson@example.net,Standard,Calvin,Cobb,8063 Stewart Islands,MB,Kitchener,8063 Stewart Islands
1791,carol04@example.com,Standard,Melinda,Scott,69014 Stanley Common,QC,Halifax,69014 Stanley Common
1418,william82@example.com,Standard,Samantha,Young,5542 Kelly Fork Apt. 962,ON,Charlottetown,5542 Kelly Fork Apt. 962
1787,mosesroger@example.com,Standard,Melissa,Miller,237 Bonilla Falls Apt. 470,NL,Charlottetown,237 Bonilla Falls Apt. 470
8235,johngalloway@example.com,Standard,Brooke,Robinson,3424 Jennifer Turnpike,MB,Whitehorse,3424 Jennifer Turnpike
6196,nicholascervantes@example.org,Premium,April,Clark,16189 Rhodes Lights,AB,Regina,16189 Rhodes Lights
7590,johnrobertson@example.org,Standard,Teresa,Hill,1261 Mcconnell Squares Suite 493,BC,Thunder Bay,1261 Mcconnell Squares Suite 493
3889,pamelayoung@example.net,Premium,Ashley,Terry,0441 Middleton Glen,ON,Kitchener,0441 Middleton Glen
4996,lisa54@example.net,Premium,Amy,Rivera,1204 Christopher Villages,NT,Victoria,1204 Christopher Villages
8475,tgregory@example.net,Premium,Bryan,Lopez,089 Kimberly Underpass,NL,Kingston,089 Kimberly Underpass
7121,brookecarter@example.net,Standard,Patrick,Smith,50053 Simmons Pines,SK,Winnipeg,50053 Simmons Pines
4413,josegordon@example.org,Standard,Amy,Wallace,47143 Jay Stream,YT,Regina,47143 Jay Stream
252,ronaldfox@example.org,Premium,Lauren,Ford,59240 Gonzalez Crossing Suite 889,NB,Victoria,59240 Gonzalez Crossing Suite 889
9994,peter31@example.org,Standard,Carol,Bush,9525 Emily Square Apt. 610,NS,Oshawa,9525 Emily Square Apt. 610
9330,gsmith@example.com,Standard,Jonathan,Diaz,0204 Ashley Island,ON,Thunder Bay,0204 Ashley Island
525,mirandaamanda@example.net,Premium,Tasha,Sanchez,1354 Flowers Port,YT,Sudbury,1354 Flowers Port
8246,brownalyssa@example.com,Premium,David,Kelly,02309 Jackson Freeway Suite 020,AB,Nanaimo,02309 Jackson Freeway Suite 020
5794,nstark@example.net,Standard,Samantha,Jordan,6106 Hernandez Plains Apt. 340,SK,Edmonton,6106 Hernandez Plains Apt. 340
5709,zacharyphelps@example.com,Standard,Angela,Russell,47242 Benitez Ramp,NU,Calgary,47242 Benitez Ramp
4022,alexis37@example.com,Standard,Brittany,Perez,33137 Mark Fords,NU,Quebec City,33137 Mark Fords
7290,crystal25@example.net,Standard,Tyler,Crawford,832 Zachary Mission Suite 054,PE,Thunder Bay,832 Zachary Mission Suite 054
8584,jenniferwebb@example.org,Premium,Virginia,Rogers,79254 Ellison Mall,ON,Nanaimo,79254 Ellison Mall
9775,victoriawilliams@example.com,Premium,Tracy,Nunez,30708 Deborah Land Suite 379,QC,Quebec City,30708 Deborah Land Suite 379
6006,eyates@example.net,Premium,Sherri,Smith,55429 Samuel Ridge Suite 322,MB,Whitehorse,55429 Samuel Ridge Suite 322
8372,hhoward@example.net,Premium,Abigail,Herrera,641 Nicole Road,QC,Halifax,641 Nicole Road
9398,karen49@example.org,Premium,Lauren,Clay,3381 Farley Gateway Suite 991,NB,Calgary,3381 Farley Gateway Suite 991
7413,abigailhoward@example.net,Standard,Robin,Reed,29832 Day Keys,QC,Kingston,29832 Day Keys
757,laurasullivan@example.com,Premium,Alexis,Ibarra,4307 Becky Ville Suite 021,NU,Winnipeg,4307 Becky Ville Suite 021
6627,ijohnson@example.com,Standard,Joseph,Cabrera,22793 Sims Gateway,BC,Winnipeg,22793 Sims Gateway
4638,katie29@example.com,Standard,Joshua,Cannon,76220 Mays Wall,QC,Regina,76220 Mays Wall
1593,daniel85@example.org,Standard,Jason,Martinez,3111 Emily Cape,ON,Ottawa,3111 Emily Cape
5521,michaelgibbs@example.com,Premium,Douglas,Hunter,094 Herring Underpass Suite 451,PE,Quebec City,094 Herring Underpass Suite 451
4410,hunterwilliams@example.org,Premium,Dana,Wheeler,46926 James Flat Apt. 992,SK,Fredericton,46926 James Flat Apt. 992
9922,hblack@example.com,Premium,Thomas,Young,66139 Black Springs Apt. 106,MB,Windsor,66139 Black Springs Apt. 106
900,anthony62@example.net,Premium,Susan,Nolan,0507 Lewis Tunnel Suite 531,NB,Regina,0507 Lewis Tunnel Suite 531
5383,treynolds@example.com,Premium,Ryan,Johnson,96517 Beverly Stravenue Suite 051,SK,Charlottetown,96517 Beverly Stravenue Suite 051
9682,melanie30@example.com,Standard,Patricia,Gross,12114 Stephanie Estate,ON,Kingston,12114 Stephanie Estate
8923,ryanbeard@example.net,Standard,James,Taylor,2090 Donald Coves,YT,Winnipeg,2090 Donald Coves
1766,vmoody@example.net,Premium,Stephanie,Foley,01359 Justin Street Suite 818,YT,Yellowknife,01359 Justin Street Suite 818
8840,tvega@example.org,Premium,Crystal,Edwards,7781 Dominguez Mission Apt. 047,NL,Kitchener,7781 Dominguez Mission Apt. 047
1039,donna53@example.org,Premium,William,Alvarado,56165 Courtney Plain Apt. 711,SK,Regina,56165 Courtney Plain Apt. 711
9368,corey99@example.org,Premium,Jennifer,Daniels,5938 Martin Pines,NT,Winnipeg,5938 Martin Pines
4639,tylerayers@example.com,Premium,Helen,Reyes,941 James Curve,QC,Nanaimo,941 James Curve
3418,nicoleanderson@example.org,Standard,Austin,Armstrong,4892 Christopher Brook Suite 284,ON,Kitchener,4892 Christopher Brook Suite 284
7005,hdavidson@example.net,Premium,Angela,Bean,750 Lee Dale Suite 615,PE,Nanaimo,750 Lee Dale Suite 615
487,richard80@example.net,Standard,Ralph,Shaw,0687 Parks Rue Suite 298,QC,Kitchener,0687 Parks Rue Suite 298
8570,jorge32@example.com,Premium,Tyler,Mitchell,7927 Bradley Spur,AB,Nanaimo,7927 Bradley Spur
8226,michaelritter@example.org,Premium,Matthew,Henderson,2655 Elizabeth Point Suite 450,NB,Fredericton,2655 Elizabeth Point Suite 450
1673,paulsara@example.net,Premium,Kevin,Lopez,4502 Melissa Mission Suite 134,PE,Kelowna,4502 Melissa Mission Suite 134
3800,ithomas@example.org,Standard,James,Adams,960 Justin Springs Suite 773,YT,Regina,960 Justin Springs Suite 773
9638,laura44@example.net,Premium,Edward,Bowman,270 Kenneth Grove,SK,Victoria,270 Kenneth Grove
5065,reedpatricia@example.net,Premium,Brianna,Richards,77256 Arnold Plains Suite 624,PE,Toronto,77256 Arnold Plains Suite 624
2035,rayanne@example.net,Premium,Connie,Lee,354 Greene Viaduct,ON,Nanaimo,354 Greene Viaduct
3702,glennsmith@example.com,Premium,Jennifer,Martin,08969 Erik Dale Suite 326,AB,St. John's,08969 Erik Dale Suite 326
337,robertsonchristopher@example.net,Standard,Kelly,White,0413 Marc Place,NL,Windsor,0413 Marc Place
5137,lisa64@example.com,Premium,Melissa,Miller,312 Jesse Estates,MB,Edmonton,312 Jesse Estates
8540,csilva@example.org,Premium,Cassie,Wright,24393 Miles Rapid Apt. 047,NB,Oshawa,24393 Miles Rapid Apt. 047
8566,danielle08@example.net,Premium,Christopher,King,4158 Brian Street,YT,Kelowna,4158 Brian Street
642,tknox@example.com,Standard,Billy,Gonzalez,28600 Diane Fort,MB,Charlottetown,28600 Diane Fort
246,kevin07@example.net,Premium,Tonya,West,8026 Sanchez Square Apt. 520,NB,Edmonton,8026 Sanchez Square Apt. 520
9117,laceycarter@example.com,Standard,Kelly,Jimenez,1542 Michael Turnpike Suite 523,SK,Calgary,1542 Michael Turnpike Suite 523
5515,margarethodge@example.org,Standard,Elizabeth,Anderson,84264 Craig Orchard Suite 378,NL,Kitchener,84264 Craig Orchard Suite 378
1563,stacyandersen@example.com,Premium,Catherine,Powell,913 Samantha Villages,NT,Ottawa,913 Samantha Villages
5523,petermurray@example.com,Premium,Randy,Allen,3092 Johnson Valley Apt. 692,PE,Calgary,3092 Johnson Valley Apt. 692
1122,kylekirk@example.org,Premium,Brittany,Navarro,2708 Taylor Rest,NU,Nanaimo,2708 Taylor Rest
1833,angelasullivan@example.net,Standard,Holly,Edwards,35012 Perry Estates,YT,Charlottetown,35012 Perry Estates
619,kristenpeck@example.org,Premium,Tammy,Williams,850 Eric Estates Suite 580,NB,Windsor,850 Eric Estates Suite 580
141,msandoval@example.org,Standard,Breanna,Love,20104 Rebecca Parkway Apt. 068,ON,Quebec City,20104 Rebecca Parkway Apt. 068
6753,edwardhunter@example.org,Standard,Daniel,Green,261 Peterson Shoal Suite 686,NU,Halifax,261 Peterson Shoal Suite 686
6408,qgross@example.net,Premium,Renee,Mccarthy,419 Newman Trail Apt. 560,MB,Nanaimo,419 Newman Trail Apt. 560
5384,laura20@example.net,Premium,Charles,Ho,16043 Preston Plains Apt. 980,BC,London,16043 Preston Plains Apt. 980
6633,clairesmith@example.org,Standard,Paul,Huber,81292 Schultz Inlet Suite 918,NS,Windsor,81292 Schultz Inlet Suite 918
5787,cherrychelsea@example.net,Standard,Cody,Perez,2850 Davis Prairie Suite 857,NU,Thunder Bay,2850 Davis Prairie Suite 857
839,loganbell@example.net,Standard,Dustin,Hodges,795 Norman Field Apt. 546,NS,Victoria,795 Norman Field Apt. 546
3637,dianaobrien@example.org,Premium,Daniel,Pearson,9739 Nelson Port,BC,Whitehorse,9739 Nelson Port
3577,justin33@example.org,Standard,Samantha,Fleming,2855 Velez Villages Suite 672,AB,Hamilton,2855 Velez Villages Suite 672
7536,nleonard@example.net,Premium,Donna,Roth,2997 Mary Bypass,NU,Winnipeg,2997 Mary Bypass
6552,wendy42@example.com,Standard,Katherine,Smith,374 Christine Plaza,NL,Nanaimo,374 Christine Plaza
7701,bowmantheresa@example.com,Standard,Stacey,Little,3232 Nichole Ports,BC,Calgary,3232 Nichole Ports
699,ujacobs@example.org,Standard,Erica,Romero,14371 Roberson Drives Apt. 050,PE,Halifax,14371 Roberson Drives Apt. 050
1705,david23@example.org,Premium,Samantha,Vazquez,2603 Joshua Overpass,NB,London,2603 Joshua Overpass
7568,mullinslisa@example.net,Standard,Sean,Martin,2043 Kyle Locks,NL,Kitchener,2043 Kyle Locks
8690,meganstone@example.com,Premium,Ashley,Griffin,98581 Colon Divide Apt. 994,NB,Windsor,98581 Colon Divide Apt. 994
3650,michaelmills@example.org,Standard,Aaron,Powell,568 Tamara Spurs,SK,Charlottetown,568 Tamara Spurs
9118,dcrane@example.org,Standard,George,Francis,22008 Troy Walks,QC,Yellowknife,22008 Troy Walks
8431,sonyaevans@example.org,Premium,Alexa,Collier,05190 David Junction Apt. 305,AB,Winnipeg,05190 David Junction Apt. 305
3747,gary27@example.net,Premium,Tammy,Reed,033 Wheeler Estates,NT,Regina,033 Wheeler Estates
8165,saundersvalerie@example.org,Premium,Stephanie,Vargas,44704 Cortez Motorway Apt. 872,SK,Oshawa,44704 Cortez Motorway Apt. 872
9041,herringangelica@example.com,Premium,Connor,Anthony,57923 Martinez Tunnel,NL,Halifax,57923 Martinez Tunnel
7361,malikhall@example.com,Standard,Kimberly,Page,885 Robert Plaza,PE,Iqaluit,885 Robert Plaza
1729,tyler46@example.org,Standard,Michael,Bernard,2350 Calvin Shoal,PE,London,2350 Calvin Shoal
2021,montoyaashley@example.org,Premium,Melanie,Espinoza,73886 Cruz Loop,NT,Thunder Bay,73886 Cruz Loop
5300,rebecca12@example.net,Premium,Rickey,Fletcher,2441 Walter Vista Apt. 266,NS,Victoria,2441 Walter Vista Apt. 266
2508,erincunningham@example.com,Premium,Tina,Jimenez,20429 Molly Divide,NU,Yellowknife,20429 Molly Divide
4813,shelby35@example.com,Premium,Bobby,Russell,7462 Perez Expressway,SK,Sudbury,7462 Perez Expressway
4371,billjohnson@example.com,Premium,Nicholas,Williams,5752 Benjamin Fort Apt. 966,PE,Hamilton,5752 Benjamin Fort Apt. 966
3237,nathanmullins@example.org,Premium,Ryan,Gonzales,25946 Casey Road Apt. 990,ON,Toronto,25946 Casey Road Apt. 990
1046,bestdiamond@example.org,Standard,Grant,Bishop,822 Ryan Stravenue Suite 162,BC,Whitehorse,822 Ryan Stravenue Suite 162
7534,powelleric@example.org,Premium,Courtney,Henson,32652 Nguyen Drive,YT,Kingston,32652 Nguyen Drive
7015,bryan72@example.org,Standard,Megan,Ramirez,95561 Davis Streets,NT,Kelowna,95561 Davis Streets
2741,ricky44@example.org,Premium,Angela,Hill,149 Owens Road Apt. 624,NB,Winnipeg,149 Owens Road Apt. 624
9109,jay34@example.net,Premium,Amber,Snyder,4496 Jason Terrace,NL,Oshawa,4496 Jason Terrace
3759,alisonlyons@example.com,Standard,Donna,Powell,365 Steven Mountain Suite 757,YT,Toronto,365 Steven Mountain Suite 757
1657,gonzalezsusan@example.org,Premium,Crystal,Singh,364 Edwards Spurs Suite 251,NU,Toronto,364 Edwards Spurs Suite 251
2136,brandon96@example.net,Premium,Victoria,May,14798 Hanson Land,NS,Kingston,14798 Hanson Land
2078,mcclainroger@example.com,Standard,Francisco,Taylor,086 Mendoza Mountains Apt. 244,ON,Toronto,086 Mendoza Mountains Apt. 244
6579,kevinwilkinson@example.net,Standard,Douglas,Brown,31217 Williams Port,ON,Nanaimo,31217 Williams Port
6023,kfoster@example.org,Standard,Earl,Sanchez,099 Crystal Mountains Apt. 798,NT,Montreal,099 Crystal Mountains Apt. 798
9481,antonio04@example.org,Standard,Jesse,Duran,617 Everett Fords,MB,Kingston,617 Everett Fords
9077,morrisonbrian@example.net,Standard,Joshua,Blackburn,539 Nichols Harbor,MB,Sudbury,539 Nichols Harbor
3049,anthonyfigueroa@example.org,Premium,Rachel,Gray,512 Russell Tunnel,NL,Kelowna,512 Russell Tunnel
5954,gregory64@example.org,Premium,Christopher,Hogan,00077 Johnson Crest,ON,Fredericton,00077 Johnson Crest
7531,lisa27@example.com,Standard,Amy,Flores,661 Miller Spur,NU,Charlottetown,661 Miller Spur
4811,carlsonjoseph@example.net,Standard,Travis,Aguilar,0878 Thomas Neck,BC,St. John's,0878 Thomas Neck
390,sara68@example.com,Premium,Anne,Crawford,428 Tammy Drive Apt. 558,SK,Iqaluit,428 Tammy Drive Apt. 558
84,kim38@example.org,Standard,Susan,Williams,51160 Cynthia Brooks Apt. 478,ON,Abbotsford,51160 Cynthia Brooks Apt. 478
2210,caitlin92@example.org,Premium,Kenneth,Taylor,4224 Wilson Bridge,QC,Oshawa,4224 Wilson Bridge
664,tinaflynn@example.com,Premium,Ryan,Jones,663 Parker Mill,AB,Kitchener,663 Parker Mill
1001,jerry54@example.org,Standard,Richard,Fitzgerald,792 Rebecca Pines Suite 891,MB,Kelowna,792 Rebecca Pines Suite 891
6619,joan27@example.com,Premium,Timothy,Rhodes,511 Gray Parkway Suite 490,PE,Quebec City,511 Gray Parkway Suite 490
863,madisonjones@example.com,Standard,Christopher,Patton,494 Rodriguez Trafficway Apt. 255,QC,Kingston,494 Rodriguez Trafficway Apt. 255
6133,kelly68@example.com,Premium,Ryan,Leonard,968 Dustin Fork Suite 203,SK,Halifax,968 Dustin Fork Suite 203
5458,jamiestrong@example.net,Premium,Sean,Simpson,956 Chen Branch Apt. 886,YT,Quebec City,956 Chen Branch Apt. 886
5116,xkennedy@example.org,Standard,Andrea,Travis,354 Christopher Turnpike,BC,Kingston,354 Christopher Turnpike
437,donald10@example.com,Premium,Nathaniel,Wallace,075 Brown Circles,NU,Thunder Bay,075 Brown Circles
8342,ygreene@example.org,Premium,Andrea,Rangel,52888 Brian Union,YT,Windsor,52888 Brian Union
7119,walkerjohn@example.net,Premium,Michael,Campos,797 Lee Squares,NT,Oshawa,797 Lee Squares
1798,kathy82@example.com,Premium,Michael,Mason,6878 Harris Glen Apt. 110,YT,Yellowknife,6878 Harris Glen Apt. 110
479,tduffy@example.net,Premium,Robert,Edwards,35840 Mclean Crescent,NU,Quebec City,35840 Mclean Crescent
5389,moralessteven@example.org,Premium,Roy,Gallagher,72926 Susan Rapids Suite 630,BC,Oshawa,72926 Susan Rapids Suite 630
9516,dross@example.org,Premium,Cody,Brown,34066 Foster Manors,NT,Charlottetown,34066 Foster Manors
