employee_ID,f_Name,l_Name,role,work_email,lic_num,seniority_level
EMP441,Mikayla,Smith,Management,whitemichele@example.net,LIC-M-2255,Senior
EMP293,Tara,Rodriguez,Management,lisakim@example.org,LIC-M-2532,Junior
EMP407,Sharon,Deleon,Management,walleranthony@example.net,LIC-M-2906,Director
EMP312,Stephen,Robinson,Management,derrickpoole@example.com,LIC-M-2492,Senior
EMP597,Edward,Allen,Management,lopeznatasha@example.org,LIC-M-2098,Junior
EMP541,Bradley,Williams,Management,fletchersarah@example.org,LIC-M-2363,Junior
EMP502,Tonya,Miller,Management,lruiz@example.net,LIC-M-2358,Senior
EMP151,Charles,Moore,Management,carterjody@example.com,LIC-M-2864,Director
EMP554,Brittney,Potts,Management,amandafrank@example.org,LIC-M-2343,Junior
EMP693,Frank,Wood,Management,christopherpearson@example.net,LIC-M-2834,Junior
EMP633,Amy,Reynolds,Management,deborah80@example.com,LIC-M-2910,Director
EMP201,Alexandra,Carey,Management,dclark@example.com,LIC-M-2572,Director
EMP467,Joseph,Brown,Management,hhaynes@example.org,LIC-M-2002,Director
EMP715,Stacey,Day,Management,livingstonmelissa@example.com,LIC-M-2191,Junior
EMP796,Kathryn,Booth,Management,moralesjohn@example.org,LIC-M-2930,Junior
EMP868,Angela,Bishop,Management,tracyreyes@example.org,LIC-M-2947,Director
EMP574,Ashley,Cook,Management,kenneth17@example.com,LIC-M-2735,Director
EMP177,Teresa,Cox,Management,johnsonjessica@example.org,LIC-M-2011,Senior
EMP741,Robert,Cox,Management,vberger@example.com,LIC-M-2389,Director
EMP832,Frederick,Thomas,Management,michaeljennings@example.org,LIC-M-2909,Director
EMP567,Timothy,Santana,Management,timothytucker@example.org,LIC-M-2698,Senior
EMP255,David,Guzman,Management,ppeters@example.net,LIC-M-2069,Senior
EMP422,Natasha,Landry,Management,stephanie67@example.com,LIC-M-2970,Director
EMP776,William,Newton,Management,udavis@example.com,LIC-M-2129,Senior
EMP351,Tracey,Meyer,Management,jessica26@example.net,LIC-M-2106,Junior
EMP906,Ryan,Butler,Management,fflores@example.org,LIC-M-2303,Director
EMP439,Christopher,Stein,Management,kmassey@example.net,LIC-M-2188,Senior
EMP926,Ryan,Taylor,Management,grace57@example.net,LIC-M-2529,Junior
EMP113,Heidi,Davidson,Management,cliu@example.org,LIC-M-2481,Director
EMP128,Deanna,Rodriguez,Management,xjohnson@example.org,LIC-M-2558,Senior
EMP110,Caroline,King,Management,kimberly81@example.org,LIC-M-2502,Director
EMP790,Betty,Phillips,Management,novaklisa@example.net,LIC-M-2525,Junior
EMP598,Sarah,Miller,Management,vanderson@example.net,LIC-M-2034,Senior
EMP115,John,Williams,Management,derek28@example.net,LIC-M-2641,Senior
EMP953,Cassandra,Anderson,Management,brian71@example.org,LIC-M-2064,Director
EMP565,Robert,Pruitt,Management,danielward@example.com,LIC-M-2797,Junior
EMP519,James,Mahoney,Management,vhess@example.com,LIC-M-2360,Director
EMP734,Jennifer,Robinson,Management,angela07@example.com,LIC-M-2110,Junior
EMP458,Tiffany,Cox,Management,hailey97@example.org,LIC-M-2061,Senior
EMP984,Courtney,Smith,Management,nicolerodriguez@example.com,LIC-M-2126,Junior
EMP491,Michelle,Woods,Management,qsmith@example.com,LIC-M-2549,Senior
EMP205,Andrew,Ross,Management,gjackson@example.com,LIC-M-2850,Director
EMP667,James,Whitney,Management,parkershawn@example.org,LIC-M-2340,Director
EMP246,David,Hernandez,Management,monicareyes@example.net,LIC-M-2560,Senior
EMP725,Robin,Vega,Management,timothy63@example.org,LIC-M-2182,Junior
EMP865,Eugene,Joseph,Management,gonzaleschris@example.org,LIC-M-2384,Senior
EMP408,Erica,Parsons,Management,qkelley@example.com,LIC-M-2191,Senior
EMP754,Brenda,Lewis,Management,osolis@example.net,LIC-M-2344,Director
EMP317,Oscar,Sweeney,Management,douglaswise@example.net,LIC-M-2301,Director
EMP870,Jacob,Foster,Management,michaelahiggins@example.com,LIC-M-2466,Senior
EMP107,Tiffany,Wilson,Management,anthonymitchell@example.net,LIC-M-2768,Junior
EMP940,Randy,Chavez,Management,kristen30@example.net,LIC-M-2117,Junior
EMP626,Diana,Benitez,Management,schmidtmelinda@example.com,LIC-M-2603,Director
EMP120,Mary,Briggs,Management,vaughncrystal@example.com,LIC-M-2912,Junior
EMP652,Ray,Guerrero,Management,micheletran@example.org,LIC-M-2704,Senior
EMP498,Jennifer,Brown,Management,ndavis@example.org,LIC-M-2987,Junior
EMP962,Jeffrey,Robinson,Management,burtonmichelle@example.org,LIC-M-2897,Junior
EMP267,Teresa,Johnson,Management,millsbrittany@example.net,LIC-M-2123,Director
EMP550,Timothy,Williams,Management,james42@example.com,LIC-M-2370,Senior
EMP770,Brandon,Jenkins,Management,wendybaker@example.com,LIC-M-2253,Junior
EMP219,Jeremy,Hays,Management,kimberly26@example.net,LIC-M-2051,Senior
EMP980,Erin,Hayes,Management,umeyers@example.net,LIC-M-2345,Junior
EMP743,Alejandra,Mclean,Management,christiancardenas@example.net,LIC-M-2451,Senior
EMP806,Stephanie,Santos,Management,lisa24@example.com,LIC-M-2784,Director
EMP605,Cheryl,Morgan,Management,kcooper@example.net,LIC-M-2540,Junior
EMP387,Keith,Ray,Management,karen84@example.com,LIC-M-2271,Junior
EMP147,Brenda,Smith,Management,charlesbenson@example.com,LIC-M-2971,Director
EMP164,Michael,Butler,Management,christopher03@example.org,LIC-M-2318,Junior
EMP609,Susan,Griffin,Management,ngoodman@example.org,LIC-M-2431,Senior
EMP658,Ronald,Moore,Management,gibsonbradley@example.org,LIC-M-2265,Director
EMP418,Ashley,Hernandez,Management,rachelrobinson@example.com,LIC-M-2565,Junior
EMP215,Holly,Allen,Management,jamiehoover@example.net,LIC-M-2550,Director
EMP641,Sarah,Blake,Management,madams@example.com,LIC-M-2283,Senior
EMP771,Rodney,Thomas,Management,michaelwilson@example.net,LIC-M-2165,Junior
EMP247,Amy,Hoover,Management,jeromecraig@example.net,LIC-M-2735,Junior
EMP373,Jennifer,Garza,Management,stanleyisaiah@example.net,LIC-M-2203,Director
EMP275,Crystal,Howard,Management,whitehaley@example.org,LIC-M-2214,Junior
EMP696,Eric,Alexander,Management,shelby49@example.org,LIC-M-2270,Director
EMP872,Mark,Burnett,Management,jcastro@example.net,LIC-M-2224,Senior
EMP318,Marilyn,Williams,Management,elizabethsolomon@example.com,LIC-M-2225,Junior
EMP812,Katelyn,Lee,Management,jesse00@example.net,LIC-M-2314,Director
EMP844,Deborah,Rivera,Management,juanwong@example.com,LIC-M-2034,Junior
EMP504,Beth,Cohen,Management,shawn87@example.com,LIC-M-2172,Senior
EMP837,Heather,Green,Management,cisnerososcar@example.com,LIC-M-2157,Junior
EMP773,David,Hawkins,Management,christinehowell@example.org,LIC-M-2916,Junior
EMP139,Kimberly,Lang,Management,brittanykelly@example.net,LIC-M-2544,Director
EMP228,Thomas,Walker,Management,lewiswalter@example.org,LIC-M-2159,Director
EMP558,John,Hogan,Management,hardingjose@example.org,LIC-M-2643,Director
EMP822,Sharon,Williams,Management,stanleyanderson@example.com,LIC-M-2061,Director
EMP653,Alicia,Thomas,Management,pamelajackson@example.net,LIC-M-2115,Director
EMP864,Michelle,Blanchard,Management,boylechad@example.org,LIC-M-2384,Senior
EMP632,Cory,Gray,Management,kristiejackson@example.org,LIC-M-2174,Junior
EMP413,Perry,Burton,Management,grichardson@example.net,LIC-M-2477,Director
EMP347,Jessica,Bauer,Management,gibsonmarcus@example.net,LIC-M-2258,Junior
EMP675,Terry,Jackson,Management,brittneybennett@example.net,LIC-M-2480,Senior
EMP129,Deborah,Davies,Management,mdominguez@example.com,LIC-M-2353,Junior
EMP789,Suzanne,Jones,Management,michael25@example.org,LIC-M-2007,Senior
EMP960,David,Morgan,Management,mcdowellsarah@example.net,LIC-M-2786,Director
EMP664,David,Barajas,Management,nharrington@example.org,LIC-M-2790,Junior
EMP967,Karen,Howell,Management,brittanymills@example.com,LIC-M-2837,Junior
EMP324,Edward,Brown,Management,ebony66@example.org,LIC-M-2054,Junior
EMP996,Craig,Perkins,Management,roger16@example.com,LIC-M-2415,Senior
EMP106,Kevin,Gutierrez,Management,priscilla93@example.net,LIC-M-2662,Director
EMP833,Steven,Williams,Management,scottsophia@example.org,LIC-M-2037,Director
EMP751,Tara,Riley,Management,stanleysmith@example.org,LIC-M-2067,Director
EMP133,Katherine,Chang,Management,bryanwilliams@example.org,LIC-M-2841,Director
EMP628,Andrew,Turner,Management,usanchez@example.net,LIC-M-2712,Junior
EMP165,Wayne,Evans,Management,christopher01@example.net,LIC-M-2452,Junior
EMP235,Bryan,Davis,Management,amandablanchard@example.com,LIC-M-2565,Junior
EMP529,Corey,Boyd,Management,higginsdonald@example.net,LIC-M-2498,Director
EMP185,Zachary,Harrison,Management,elang@example.org,LIC-M-2909,Junior
EMP286,Erin,Brown,Management,bhernandez@example.net,LIC-M-2128,Director
EMP745,Rodney,Smith,Management,ccruz@example.net,LIC-M-2597,Senior
EMP613,Jennifer,Thomas,Management,pjohnson@example.com,LIC-M-2878,Director
EMP471,Jackson,Hill,Management,randy80@example.com,LIC-M-2972,Junior
EMP904,Michael,Vasquez,Management,obowers@example.net,LIC-M-2377,Junior
EMP788,Tyler,Salazar,Management,dennisrobert@example.com,LIC-M-2868,Junior
EMP505,Aaron,Davis,Management,madison67@example.net,LIC-M-2819,Senior
EMP170,Daniel,Summers,Management,tinabarrett@example.org,LIC-M-2503,Director
EMP540,Gina,Burton,Management,lisaroberts@example.org,LIC-M-2825,Director
EMP847,Jenna,Wright,Management,chartman@example.net,LIC-M-2717,Senior
EMP230,Gregory,Curtis,Management,ccabrera@example.com,LIC-M-2160,Junior
EMP546,Jenna,Riddle,Management,bgrant@example.com,LIC-M-2394,Director
EMP674,Douglas,Mcdonald,Management,wallspatricia@example.net,LIC-M-2172,Director
EMP639,William,Thomas,Management,uwilson@example.org,LIC-M-2610,Senior
EMP733,Michael,Harrison,Management,franklinfrances@example.net,LIC-M-2161,Director
EMP263,Julie,Logan,Management,rwilliams@example.com,LIC-M-2843,Director
EMP184,Carlos,Lee,Management,mooremarissa@example.com,LIC-M-2270,Director
EMP136,Carlos,Kennedy,Management,nmoore@example.net,LIC-M-2774,Junior
EMP221,Anne,Flores,Management,scottjessica@example.org,LIC-M-2412,Junior
EMP616,Ashley,Gonzalez,Management,jonathansandoval@example.net,LIC-M-2128,Junior
EMP436,Amy,Smith,Management,psmith@example.org,LIC-M-2405,Junior
EMP341,Vanessa,Castillo,Management,pterry@example.com,LIC-M-2483,Senior
EMP326,Elizabeth,Flores,Management,iweaver@example.net,LIC-M-2947,Director
EMP880,Alisha,Perry,Management,hortonmonique@example.org,LIC-M-2435,Director
EMP662,William,Abbott,Management,ybaker@example.org,LIC-M-2330,Senior
EMP897,Frederick,Gutierrez,Management,nancyhendrix@example.com,LIC-M-2502,Director
EMP920,Micheal,Evans,Management,valdezapril@example.com,LIC-M-2167,Senior
EMP265,Kristen,Briggs,Management,warddouglas@example.net,LIC-M-2156,Director
EMP171,Paula,Bryant,Management,ecole@example.com,LIC-M-2642,Junior
EMP666,James,Curry,Management,brett75@example.com,LIC-M-2500,Senior
EMP757,Deborah,Donaldson,Management,ericbooker@example.org,LIC-M-2731,Junior
EMP885,Eric,Finley,Management,maysian@example.com,LIC-M-2654,Senior
EMP202,Ashley,Diaz,Management,obrienfrancis@example.org,LIC-M-2682,Junior
EMP172,Dylan,Good,Management,hendersontimothy@example.net,LIC-M-2421,Senior
EMP896,Nicole,Taylor,Management,wpreston@example.org,LIC-M-2222,Junior
EMP704,Scott,Smith,Management,amyortega@example.org,LIC-M-2370,Junior
EMP682,Kayla,Knox,Management,madison69@example.net,LIC-M-2710,Director
EMP769,Sarah,Walker,Management,yschroeder@example.org,LIC-M-2054,Senior
EMP747,Jeffery,Reid,Management,hluna@example.org,LIC-M-2175,Junior
EMP971,Meghan,Hammond,Management,christina19@example.net,LIC-M-2227,Director
EMP661,Selena,Bryant,Management,kyle48@example.com,LIC-M-2606,Junior
EMP396,Steven,Chapman,Management,kleinsamuel@example.com,LIC-M-2253,Director
EMP694,Tammy,Young,Management,chad97@example.org,LIC-M-2055,Senior
EMP338,Cheryl,Blevins,Management,jimenezjenny@example.org,LIC-M-2393,Director
EMP889,Lauren,Crawford,Management,washingtonbenjamin@example.com,LIC-M-2601,Director
EMP288,Robin,Thompson,Management,christopherbrown@example.com,LIC-M-2002,Junior
EMP819,Benjamin,Adams,Management,qhammond@example.org,LIC-M-2720,Director
EMP911,Bradley,Davis,Management,kennetholsen@example.net,LIC-M-2745,Senior
EMP907,Jessica,Holmes,Management,uchristian@example.org,LIC-M-2939,Junior
EMP433,Scott,Johnson,Management,john61@example.net,LIC-M-2040,Senior
EMP513,Melissa,Cox,Management,diazdavid@example.com,LIC-M-2923,Director
EMP354,Amanda,Myers,Management,rangeldonna@example.com,LIC-M-2040,Junior
EMP828,Daniel,Jackson,Management,brownamy@example.org,LIC-M-2559,Junior
EMP573,Gregory,Wood,Management,rubioharold@example.org,LIC-M-2509,Senior
EMP189,Jessica,Lee,Management,zmueller@example.net,LIC-M-2664,Director
EMP305,Barry,Chang,Management,harrisonerin@example.com,LIC-M-2546,Junior
EMP270,Dominique,Miller,Management,leegonzales@example.net,LIC-M-2893,Senior
EMP738,Alexander,Ryan,Management,cooperlisa@example.com,LIC-M-2383,Director
EMP375,Ariana,West,Management,nicholas23@example.org,LIC-M-2777,Senior
EMP785,Michael,Mora,Management,erikromero@example.net,LIC-M-2571,Junior
EMP532,Ashley,Gibson,Management,icombs@example.com,LIC-M-2967,Junior
EMP601,Daniel,Hernandez,Management,ipage@example.org,LIC-M-2161,Director
EMP434,Brooke,Allen,Management,joseph96@example.org,LIC-M-2545,Senior
EMP608,Howard,Mitchell,Management,bennettaimee@example.com,LIC-M-2259,Junior
EMP678,Andrea,Campbell,Management,george39@example.com,LIC-M-2079,Senior
EMP553,Renee,Henderson,Management,gmahoney@example.org,LIC-M-2553,Junior
EMP830,Leslie,Meyer,Management,longkimberly@example.com,LIC-M-2803,Director
EMP989,Kimberly,Mullins,Management,chavezfrank@example.net,LIC-M-2826,Junior
EMP869,Andre,Taylor,Management,sean22@example.com,LIC-M-2301,Junior
EMP903,Julia,Church,Management,kennethcowan@example.com,LIC-M-2918,Senior
EMP356,David,Watkins,Management,kristen62@example.net,LIC-M-2331,Director
EMP466,Kayla,Hall,Management,scottthomas@example.org,LIC-M-2791,Director
EMP784,Melissa,Thompson,Management,tracy95@example.net,LIC-M-2812,Senior
EMP155,Joanna,Davis,Management,mcintoshhaley@example.org,LIC-M-2930,Junior
EMP719,Mary,Jennings,Management,stevensmith@example.com,LIC-M-2162,Senior
EMP676,Sandra,Myers,Management,wooderica@example.com,LIC-M-2417,Senior
EMP251,Jody,Norman,Management,hendersoncrystal@example.net,LIC-M-2445,Senior
EMP798,Joshua,Jenkins,Management,pmiller@example.org,LIC-M-2707,Senior
EMP161,Stephen,Phelps,Management,taraespinoza@example.net,LIC-M-2551,Senior
EMP948,Cassandra,Fischer,Management,marksandrew@example.org,LIC-M-2208,Director
EMP981,James,Cross,Management,amyhunt@example.org,LIC-M-2998,Senior
EMP834,Katie,Whitaker,Management,amanda70@example.com,LIC-M-2617,Senior
EMP528,Jennifer,Simpson,Management,briandunn@example.com,LIC-M-2629,Director
EMP849,Timothy,Salazar,Management,brian57@example.net,LIC-M-2429,Senior
EMP243,Kaitlyn,Simon,Management,ngill@example.org,LIC-M-2647,Director
EMP713,Tina,Morris,Management,kconway@example.net,LIC-M-2842,Director
EMP556,Rebecca,Stewart,Management,williamtorres@example.org,LIC-M-2492,Junior
EMP146,Katherine,Davidson,Management,kcastillo@example.com,LIC-M-2745,Director
EMP811,Tracy,Sanchez,Management,chris11@example.com,LIC-M-2240,Director
EMP712,Jeffrey,Kane,Supervisor_Tech,todd77@example.net,LIC-T-1844,Senior
EMP555,Jeffrey,Rodriguez,Lead_Tech,andresgarcia@example.net,LIC-T-1437,Senior
EMP419,Danny,Wells,Technician,sherri52@example.net,LIC-T-1143,Mid
EMP330,Dylan,Jensen,Supervisor_Tech,finleybrenda@example.org,LIC-T-1398,Senior
EMP342,Jeffrey,Rowe,Lead_Tech,beckertiffany@example.com,LIC-T-1498,Senior
EMP569,Andrew,Torres,Lead_Tech,pagemichael@example.org,LIC-T-1329,Senior
EMP646,Kristie,Wagner,Technician,paul94@example.com,LIC-T-1634,Mid
EMP934,Trevor,Garcia,Lead_Tech,lewisisaac@example.com,LIC-T-1571,Senior
EMP925,Dean,White,Technician,omartinez@example.net,LIC-T-1045,Mid
EMP651,Jonathan,Nielsen,Supervisor_Tech,annavasquez@example.com,LIC-T-1699,Senior
EMP801,Nathan,Robinson,Technician,jaimelee@example.com,LIC-T-1376,Junior
EMP862,Patricia,Fritz,Technician,richardcollins@example.net,LIC-T-1130,Mid
EMP570,Joshua,Castillo,Supervisor_Tech,jennytyler@example.com,LIC-T-1266,Senior
EMP460,Jamie,Figueroa,Technician,stonesara@example.com,LIC-T-1421,Junior
EMP401,Gregory,Underwood,Lead_Tech,mitchellsteve@example.org,LIC-T-1525,Senior
EMP697,Jonathan,Watkins,Supervisor_Tech,timothyfisher@example.org,LIC-T-1048,Senior
EMP268,Michael,Wilson,Supervisor_Tech,zfoley@example.com,LIC-T-1089,Senior
EMP535,Bradley,Swanson,Supervisor_Tech,vmurphy@example.org,LIC-T-1213,Senior
EMP756,John,Hall,Supervisor_Tech,walkersydney@example.net,LIC-T-1320,Senior
EMP850,Megan,Taylor,Technician,crystal46@example.com,LIC-T-1108,Mid
EMP607,Amy,Wade,Technician,stephanie65@example.com,LIC-T-1886,Mid
EMP294,Aaron,Santos,Technician,cmoore@example.net,LIC-T-1318,Junior
EMP438,Joseph,Wood,Lead_Tech,tracy83@example.org,LIC-T-1712,Senior
EMP657,Miguel,Morris,Lead_Tech,peggy83@example.com,LIC-T-1906,Senior
EMP775,Todd,Carter,Lead_Tech,william25@example.com,LIC-T-1190,Senior
EMP825,Jason,Martinez,Lead_Tech,pmason@example.com,LIC-T-1972,Senior
EMP406,Joshua,Brown,Lead_Tech,andersonedward@example.org,LIC-T-1674,Senior
EMP589,Brianna,Tapia,Supervisor_Tech,cordovapriscilla@example.org,LIC-T-1160,Senior
EMP938,Harry,Walker,Supervisor_Tech,danamorris@example.net,LIC-T-1290,Senior
EMP224,Gary,Scott,Lead_Tech,jonesjacob@example.net,LIC-T-1036,Senior
EMP928,Ryan,Shelton,Lead_Tech,joseph16@example.com,LIC-T-1229,Senior
EMP141,Gregory,Mahoney,Technician,talvarez@example.com,LIC-T-1327,Junior
EMP225,Lori,Benjamin,Lead_Tech,christinebarry@example.com,LIC-T-1040,Senior
EMP109,Brendan,Morgan,Lead_Tech,hilllauren@example.org,LIC-T-1091,Senior
EMP307,Stephanie,Williams,Technician,larry84@example.org,LIC-T-1575,Mid
EMP400,Elizabeth,Collins,Supervisor_Tech,rfuller@example.com,LIC-T-1710,Senior
EMP894,Stephanie,Daniels,Lead_Tech,hayesaaron@example.net,LIC-T-1778,Senior
EMP329,Emily,Brandt,Technician,robertsoncharlene@example.com,LIC-T-1271,Junior
EMP561,Antonio,Wilkerson,Lead_Tech,aaronfox@example.net,LIC-T-1289,Senior
EMP681,Alexa,Blake,Technician,lynncruz@example.org,LIC-T-1472,Mid
EMP937,Carol,Cooper,Technician,njackson@example.net,LIC-T-1619,Mid
EMP101,Elizabeth,Hayes,Lead_Tech,gouldtroy@example.net,LIC-T-1747,Senior
EMP857,Noah,Johnson,Technician,lisa95@example.net,LIC-T-1167,Mid
EMP284,Margaret,Nguyen,Technician,jeffery64@example.org,LIC-T-1924,Mid
EMP367,Molly,Morales,Lead_Tech,cheryl07@example.org,LIC-T-1061,Senior
EMP710,Edward,Perkins,Supervisor_Tech,mrobinson@example.org,LIC-T-1790,Senior
EMP487,Darren,Reyes,Lead_Tech,jacobjohnson@example.org,LIC-T-1616,Senior
EMP254,Travis,Stanley,Technician,cherylhood@example.org,LIC-T-1850,Junior
EMP450,Jessica,Robinson,Technician,brownjulie@example.org,LIC-T-1161,Junior
EMP352,Robin,Day,Lead_Tech,juanmiranda@example.com,LIC-T-1608,Senior
EMP222,Amanda,Stanley,Lead_Tech,christine48@example.com,LIC-T-1410,Senior
EMP670,Jason,Brown,Lead_Tech,robertmyers@example.org,LIC-T-1012,Senior
EMP525,Cory,Miller,Technician,brownjohn@example.net,LIC-T-1592,Junior
EMP447,Samuel,Torres,Supervisor_Tech,juliewilliams@example.org,LIC-T-1423,Senior
EMP364,Barry,Watkins,Supervisor_Tech,cynthiavasquez@example.net,LIC-T-1928,Senior
EMP486,Julie,Rios,Supervisor_Tech,brenda75@example.org,LIC-T-1446,Senior
EMP478,Robert,Rogers,Supervisor_Tech,montgomerystephen@example.org,LIC-T-1454,Senior
EMP444,Derek,Patel,Supervisor_Tech,antonio61@example.com,LIC-T-1386,Senior
EMP273,Natalie,Watkins,Technician,jake55@example.net,LIC-T-1165,Junior
EMP282,Jacob,Cooley,Lead_Tech,reedkelly@example.com,LIC-T-1701,Senior
EMP366,Charles,Barton,Supervisor_Tech,welchtara@example.com,LIC-T-1983,Senior
EMP750,Latasha,Smith,Lead_Tech,yhill@example.net,LIC-T-1612,Senior
EMP878,Chase,Carroll,Technician,gharrison@example.com,LIC-T-1738,Junior
EMP748,Julie,Payne,Technician,eunderwood@example.com,LIC-T-1324,Junior
EMP272,Robert,Price,Supervisor_Tech,sandovalrobert@example.org,LIC-T-1429,Senior
EMP343,Christopher,Evans,Technician,pamela13@example.org,LIC-T-1534,Mid
EMP372,David,Henderson,Supervisor_Tech,xcox@example.org,LIC-T-1154,Senior
EMP384,Patricia,Mccoy,Technician,lbauer@example.com,LIC-T-1142,Mid
EMP764,Amber,Morris,Supervisor_Tech,jerry84@example.org,LIC-T-1564,Senior
EMP760,Dalton,Swanson,Technician,oconnellanthony@example.net,LIC-T-1619,Junior
EMP130,Lisa,Woodward,Technician,kevingeorge@example.net,LIC-T-1760,Mid
EMP809,Richard,Mendez,Lead_Tech,shepherdmichael@example.com,LIC-T-1629,Senior
EMP425,Anna,Cox,Supervisor_Tech,daniel51@example.org,LIC-T-1061,Senior
EMP385,Jason,Gonzalez,Supervisor_Tech,ebrown@example.org,LIC-T-1009,Senior
EMP539,Michael,Roth,Supervisor_Tech,adriangeorge@example.com,LIC-T-1328,Senior
EMP493,Andrew,Williams,Technician,jasonmccoy@example.net,LIC-T-1943,Mid
EMP654,Ronald,Walter,Supervisor_Tech,michaelhutchinson@example.com,LIC-T-1609,Senior
EMP145,Gary,Thompson,Lead_Tech,jorge04@example.net,LIC-T-1928,Senior
EMP515,Brandon,Stewart,Technician,rodriguezmichael@example.com,LIC-T-1180,Junior
EMP190,John,Hernandez,Lead_Tech,rmartinez@example.com,LIC-T-1964,Senior
EMP703,Tonya,Richardson,Technician,ojuarez@example.net,LIC-T-1657,Mid
EMP153,Hannah,Williams,Lead_Tech,ruizryan@example.org,LIC-T-1478,Senior
EMP557,Austin,Rose,Lead_Tech,lawrencerodriguez@example.org,LIC-T-1906,Senior
EMP763,Donald,Roy,Lead_Tech,kenneth86@example.net,LIC-T-1236,Senior
EMP370,Derek,Sparks,Supervisor_Tech,doyledebbie@example.com,LIC-T-1068,Senior
EMP472,Lynn,Rodgers,Supervisor_Tech,jeromehenderson@example.com,LIC-T-1914,Senior
EMP380,Sara,Jones,Lead_Tech,kaylahiggins@example.com,LIC-T-1857,Senior
EMP291,Daniel,Cooper,Supervisor_Tech,suzannekennedy@example.net,LIC-T-1961,Senior
EMP238,Brian,Ellis,Lead_Tech,harrisjordan@example.com,LIC-T-1572,Senior
EMP845,Timothy,Harper,Lead_Tech,longkaren@example.com,LIC-T-1503,Senior
EMP572,Christina,Baldwin,Supervisor_Tech,johnsoneddie@example.net,LIC-T-1643,Senior
EMP686,Emma,Mccarthy,Lead_Tech,sherri88@example.com,LIC-T-1454,Senior
EMP361,Brittney,Abbott,Technician,michaelkim@example.com,LIC-T-1787,Junior
EMP839,Jessica,Hamilton,Lead_Tech,kathy53@example.com,LIC-T-1792,Senior
EMP463,Virginia,Hoover,Technician,kayla39@example.org,LIC-T-1771,Junior
EMP453,Ashley,Vega,Technician,claudia19@example.net,LIC-T-1968,Junior
EMP462,Christopher,Powell,Supervisor_Tech,amanda93@example.com,LIC-T-1445,Senior
EMP348,Jacob,Mills,Lead_Tech,wconley@example.org,LIC-T-1663,Senior
EMP233,Jesus,Berry,Lead_Tech,tanyayoung@example.org,LIC-T-1800,Senior
EMP970,Christina,Cole,Lead_Tech,troy48@example.com,LIC-T-1963,Senior
EMP537,Tristan,Osborn,Technician,townsendluis@example.net,LIC-T-1462,Junior
EMP941,Ashley,Crawford,Supervisor_Tech,kimberlyortiz@example.org,LIC-T-1100,Senior
EMP627,Julia,Johnson,Technician,lwhite@example.net,LIC-T-1692,Mid
EMP707,Veronica,Hernandez,Technician,michaelweiss@example.org,LIC-T-1396,Junior
EMP173,Ashley,Wilson,Technician,gatesmichael@example.net,LIC-T-1184,Junior
EMP524,Marissa,Flores,Technician,iharmon@example.net,LIC-T-1864,Junior
EMP650,Margaret,Owens,Supervisor_Tech,uhoffman@example.com,LIC-T-1979,Senior
EMP935,Shannon,Aguirre,Technician,perryscott@example.net,LIC-T-1664,Mid
EMP890,Sean,Morris,Technician,rogersheather@example.net,LIC-T-1316,Junior
EMP176,David,Miller,Lead_Tech,ashley42@example.net,LIC-T-1162,Senior
EMP931,Jason,Levine,Technician,mariasparks@example.com,LIC-T-1493,Junior
EMP951,Daniel,Barnett,Lead_Tech,usmith@example.com,LIC-T-1660,Senior
EMP679,Casey,Brown,Lead_Tech,jessicatate@example.org,LIC-T-1604,Senior
EMP943,Jared,Maldonado,Lead_Tech,becky59@example.org,LIC-T-1122,Senior
EMP416,Brian,Mitchell,Technician,shahn@example.net,LIC-T-1482,Junior
EMP649,Amanda,Wilkinson,Supervisor_Tech,tgreen@example.org,LIC-T-1046,Senior
EMP950,Kurt,Horton,Supervisor_Tech,eric13@example.com,LIC-T-1808,Senior
EMP214,John,Pope,Technician,cheryl73@example.org,LIC-T-1634,Mid
EMP381,Vincent,Allen,Lead_Tech,roblescatherine@example.com,LIC-T-1298,Senior
EMP452,Sandra,Ramos,Supervisor_Tech,mariocallahan@example.org,LIC-T-1518,Senior
EMP963,Joseph,Floyd,Technician,kayla72@example.com,LIC-T-1325,Mid
EMP879,Sydney,Torres,Lead_Tech,jessicasosa@example.net,LIC-T-1514,Senior
EMP514,Matthew,Rodriguez,Lead_Tech,andradeaaron@example.org,LIC-T-1034,Senior
EMP994,Kevin,Carroll,Supervisor_Tech,christinesmith@example.com,LIC-T-1930,Senior
EMP220,Richard,Butler,Technician,jordanhenderson@example.com,LIC-T-1927,Junior
EMP295,Taylor,Archer,Supervisor_Tech,timothy60@example.org,LIC-T-1316,Senior
EMP191,Angela,Weaver,Technician,matthew80@example.net,LIC-T-1790,Mid
EMP826,Jason,Porter,Technician,tina06@example.com,LIC-T-1226,Junior
EMP564,David,Ortega,Lead_Tech,agraham@example.com,LIC-T-1643,Senior
EMP148,Katherine,Thomas,Technician,hernandezchristopher@example.net,LIC-T-1839,Mid
EMP701,Amanda,Chapman,Lead_Tech,james22@example.com,LIC-T-1438,Senior
EMP138,Michael,Sanders,Technician,melissa26@example.org,LIC-T-1860,Junior
EMP182,Amanda,Marshall,Lead_Tech,nealrobert@example.net,LIC-T-1369,Senior
EMP912,Jessica,Davis,Supervisor_Tech,angela82@example.com,LIC-T-1953,Senior
EMP584,Nancy,Jordan,Supervisor_Tech,vsellers@example.com,LIC-T-1392,Senior
EMP492,Brian,Leon,Lead_Tech,jeffrey22@example.com,LIC-T-1390,Senior
EMP374,Anne,Myers,Supervisor_Tech,samantha35@example.org,LIC-T-1444,Senior
EMP993,Victor,Rodriguez,Supervisor_Tech,hmccarty@example.net,LIC-T-1536,Senior
EMP236,Raymond,Scott,Lead_Tech,mrowe@example.com,LIC-T-1173,Senior
EMP183,Allison,Brooks,Lead_Tech,kristopher43@example.net,LIC-T-1090,Senior
EMP521,Jonathan,Ashley,Supervisor_Tech,pdiaz@example.com,LIC-T-1623,Senior
EMP166,Amy,Parks,Supervisor_Tech,stephanie81@example.net,LIC-T-1776,Senior
EMP596,Ryan,Lopez,Lead_Tech,mthomas@example.net,LIC-T-1480,Senior
EMP285,Joshua,Richards,Supervisor_Tech,olsondonna@example.org,LIC-T-1004,Senior
EMP454,Carol,Ward,Technician,webbbarbara@example.net,LIC-T-1790,Junior
EMP279,Jonathan,Hernandez,Lead_Tech,srobinson@example.org,LIC-T-1347,Senior
EMP924,Roberta,Dorsey,Technician,matadaniel@example.com,LIC-T-1552,Junior
EMP163,Julie,Anderson,Lead_Tech,thomasolson@example.net,LIC-T-1082,Senior
EMP158,Joseph,Crane,Supervisor_Tech,joseph70@example.net,LIC-T-1781,Senior
EMP590,Brian,Simpson,Supervisor_Tech,spearssteven@example.net,LIC-T-1481,Senior
EMP921,April,Waller,Lead_Tech,jennifersims@example.net,LIC-T-1104,Senior
EMP814,William,Simpson,Lead_Tech,annahernandez@example.net,LIC-T-1717,Senior
EMP851,Andrew,Blair,Technician,charleselizabeth@example.org,LIC-T-1139,Mid
EMP137,Susan,Schultz,Supervisor_Tech,hbutler@example.org,LIC-T-1948,Senior
EMP253,Bryan,Morales,Technician,garciawilliam@example.net,LIC-T-1320,Junior
EMP446,Matthew,Ryan,Technician,dawn23@example.org,LIC-T-1596,Junior
EMP448,Michael,Dominguez,Technician,joshua58@example.org,LIC-T-1208,Mid
EMP135,William,Navarro,Supervisor_Tech,stevenschmidt@example.org,LIC-T-1752,Senior
EMP952,Felicia,Smith,Lead_Tech,scross@example.com,LIC-T-1783,Senior
EMP102,Richard,Miller,Technician,imurray@example.org,LIC-T-1126,Junior
EMP531,William,Wheeler,Technician,johnstondawn@example.com,LIC-T-1745,Mid
EMP615,Jamie,Shea,Lead_Tech,april50@example.com,LIC-T-1315,Senior
EMP321,Linda,Gonzales,Technician,apayne@example.org,LIC-T-1376,Mid
EMP840,Laura,Curtis,Supervisor_Tech,melinda84@example.org,LIC-T-1566,Senior
EMP631,Richard,Harrison,Technician,njones@example.com,LIC-T-1883,Junior
EMP782,Robert,Jones,Supervisor_Tech,amandaramirez@example.com,LIC-T-1316,Senior
EMP594,Joshua,Smith,Technician,jeffrey51@example.com,LIC-T-1006,Junior
EMP680,Courtney,Bentley,Supervisor_Tech,zgonzalez@example.net,LIC-T-1035,Senior
EMP423,Jamie,Webb,Supervisor_Tech,robertjohnson@example.com,LIC-T-1451,Senior
EMP169,Alicia,Hernandez,Lead_Tech,fbooker@example.net,LIC-T-1952,Senior
EMP302,Carly,Ford,Technician,ogonzalez@example.com,LIC-T-1212,Mid
EMP772,Michael,Hill,Lead_Tech,kathryn98@example.net,LIC-T-1531,Senior
EMP831,Erin,Waller,Supervisor_Tech,cheyenne19@example.com,LIC-T-1780,Senior
EMP199,Kevin,Hill,Technician,bbooker@example.net,LIC-T-1240,Junior
EMP852,Teresa,Salazar,Technician,rmatthews@example.org,LIC-T-1167,Mid
EMP753,Colleen,Mendoza,Supervisor_Tech,aaronaguilar@example.org,LIC-T-1014,Senior
EMP503,Jaime,Ferrell,Supervisor_Tech,braddavis@example.com,LIC-T-1146,Senior
EMP915,John,Best,Supervisor_Tech,jonescharles@example.org,LIC-T-1919,Senior
EMP759,Rachel,Coleman,Lead_Tech,marcusstanley@example.com,LIC-T-1419,Senior
EMP901,Monica,Newton,Technician,markbarber@example.org,LIC-T-1115,Junior
EMP746,Jeremy,Garcia,Supervisor_Tech,fyoung@example.com,LIC-T-1163,Senior
EMP954,Patricia,Arnold,Technician,deborah53@example.org,LIC-T-1248,Junior
EMP888,Johnny,Boyd,Lead_Tech,bettymcclain@example.org,LIC-T-1907,Senior
EMP611,Michael,Sanchez,Supervisor_Tech,tharris@example.org,LIC-T-1875,Senior
EMP213,Robert,Robles,Lead_Tech,barberlinda@example.org,LIC-T-1454,Senior
EMP807,Larry,Castro,Supervisor_Tech,elizabeth53@example.org,LIC-T-1903,Senior
EMP209,Paul,Day,Lead_Tech,monicajones@example.org,LIC-T-1025,Senior
EMP917,Luke,Cooper,Lead_Tech,amy62@example.net,LIC-T-1906,Senior
EMP958,Jennifer,Newton,Technician,pmccarty@example.com,LIC-T-1676,Junior
EMP357,Zachary,Boyd,Lead_Tech,yodonnell@example.com,LIC-T-1260,Senior
EMP481,Lori,Jones,Technician,campbellkatrina@example.org,LIC-T-1241,Junior
EMP181,Douglas,Grant,Technician,anita59@example.org,LIC-T-1050,Junior
EMP369,Jeffrey,Weber,Supervisor_Tech,zjohnson@example.net,LIC-T-1457,Senior
EMP968,Valerie,Thompson,Technician,pauljackson@example.net,LIC-T-1501,Mid
EMP116,Jessica,King,Lead_Tech,douglas02@example.net,LIC-T-1492,Senior
EMP974,Kenneth,Reid,Technician,fschneider@example.net,LIC-T-1873,Junior
EMP197,Paula,Rangel,Lead_Tech,jonesjodi@example.com,LIC-T-1137,Senior
EMP379,Peter,Mendoza,Lead_Tech,logan32@example.org,LIC-T-1110,Senior
EMP995,Kelly,Sparks,Technician,jennifer34@example.com,LIC-T-1803,Junior
EMP162,Robert,Mccann,Technician,hamiltonmichael@example.net,LIC-T-1114,Junior
EMP665,Juan,Weeks,Technician,shawnabartlett@example.com,LIC-T-1593,Mid
EMP399,Jacqueline,Sweeney,Technician,heatherconway@example.com,LIC-T-1927,Mid
EMP578,Cheryl,Barnes,Technician,rhunt@example.net,LIC-T-1421,Junior
EMP648,Bailey,Diaz,Supervisor_Tech,gardneramber@example.com,LIC-T-1257,Senior
EMP737,Jason,Sellers,Technician,patricia84@example.org,LIC-T-1876,Junior
EMP827,Lance,Baird,Technician,simpsonjennifer@example.org,LIC-T-1551,Mid
EMP765,Donald,Price,Lead_Tech,palmerdeborah@example.net,LIC-T-1532,Senior
EMP142,Diane,Lee,Lead_Tech,owallace@example.com,LIC-T-1610,Senior
EMP117,Shawn,Allen,Technician,douglas87@example.net,LIC-T-1763,Junior
EMP730,Christopher,Warner,Lead_Tech,peter18@example.net,LIC-T-1293,Senior
EMP936,Cheyenne,Barrera,Supervisor_Tech,jamesjohnson@example.com,LIC-T-1866,Senior
EMP688,Wendy,Moore,Technician,dgeorge@example.net,LIC-T-1241,Junior
EMP774,Juan,Page,Technician,michellejohnson@example.com,LIC-T-1080,Junior
EMP398,Janice,Mora,Technician,beth13@example.org,LIC-T-1927,Junior
EMP551,Amber,Case,Supervisor_Tech,jay78@example.net,LIC-T-1458,Senior
EMP315,Rodney,Boyd,Supervisor_Tech,bradleythornton@example.com,LIC-T-1958,Senior
EMP277,Abigail,Alexander,Supervisor_Tech,brittanyarnold@example.org,LIC-T-1879,Senior
EMP510,Brett,Mills,Lead_Tech,pauljackie@example.net,LIC-T-1976,Senior
EMP121,Jody,Davis,Lead_Tech,bgarcia@example.com,LIC-T-1844,Senior
EMP392,Todd,Wallace,Supervisor_Tech,xgomez@example.com,LIC-T-1704,Senior
EMP313,Beth,Williams,Lead_Tech,qlynch@example.net,LIC-T-1395,Senior
EMP517,Sherry,Gaines,Supervisor_Tech,shawjamie@example.net,LIC-T-1636,Senior
EMP264,Virginia,Powell,Lead_Tech,jonathan88@example.com,LIC-T-1662,Senior
EMP274,David,Griffith,Supervisor_Tech,princevirginia@example.net,LIC-T-1038,Senior
EMP530,Randy,Turner,Supervisor_Tech,jesse66@example.com,LIC-T-1484,Senior
EMP808,Yvonne,Walker,Supervisor_Tech,joycruz@example.net,LIC-T-1483,Senior
EMP914,Jenna,Murphy,Lead_Tech,longalicia@example.com,LIC-T-1603,Senior
EMP332,Kimberly,Howell,Technician,kevin31@example.net,LIC-T-1157,Mid
EMP281,Tanner,Smith,Lead_Tech,johngonzalez@example.com,LIC-T-1343,Senior
EMP340,Richard,Pacheco,Lead_Tech,grobinson@example.net,LIC-T-1673,Senior
EMP815,Kristin,Davis,Technician,whiteandrew@example.com,LIC-T-1295,Mid
EMP876,Shelby,Ross,Supervisor_Tech,wayne51@example.org,LIC-T-1248,Senior
EMP630,Barbara,Lindsey,Technician,jeffreyknapp@example.net,LIC-T-1745,Junior
EMP781,Jeffrey,Gomez,Supervisor_Tech,yfuller@example.org,LIC-T-1928,Senior
EMP489,Marilyn,Mercer,Supervisor_Tech,mcdowelldaniel@example.org,LIC-T-1823,Senior
EMP526,Andrew,Welch,Supervisor_Tech,amber57@example.com,LIC-T-1664,Senior
EMP842,Meghan,Turner,Supervisor_Tech,johnsongregory@example.org,LIC-T-1774,Senior
EMP355,Gloria,Gregory,Lead_Tech,david65@example.com,LIC-T-1891,Senior
EMP881,Kelly,Ramirez,Supervisor_Tech,nelsoncorey@example.net,LIC-T-1176,Senior
EMP339,Kevin,Woods,Technician,michellemartin@example.net,LIC-T-1367,Mid
EMP877,Eric,Johnson,Technician,todd30@example.com,LIC-T-1957,Junior
EMP740,Jeffrey,Gardner,Technician,hparker@example.org,LIC-T-1685,Junior
EMP405,Robert,Logan,Supervisor_Tech,victoriaturner@example.org,LIC-T-1071,Senior
EMP124,Denise,Hall,Supervisor_Tech,cdavis@example.org,LIC-T-1107,Senior
EMP841,Gina,Butler,Technician,nfowler@example.org,LIC-T-1634,Mid
EMP656,Sara,Wong,Supervisor_Tech,mcgeemark@example.org,LIC-T-1900,Senior
EMP947,Greg,Blackburn,Lead_Tech,angela49@example.com,LIC-T-1869,Senior
EMP932,Brenda,Jones,Lead_Tech,ashleyferguson@example.com,LIC-T-1425,Senior
EMP978,Lisa,Silva,Lead_Tech,robin54@example.net,LIC-T-1008,Senior
EMP668,Becky,Walker,Lead_Tech,rebecca42@example.com,LIC-T-1197,Senior
EMP552,Katie,Warner,Supervisor_Tech,nicholas40@example.org,LIC-T-1831,Senior
EMP495,Allison,Eaton,Technician,robert09@example.net,LIC-T-1966,Mid
EMP944,Jeffery,Simpson,Technician,fernandoorr@example.com,LIC-T-1069,Junior
EMP196,Johnny,Ramirez,Supervisor_Tech,sglenn@example.net,LIC-T-1428,Senior
EMP358,Jay,Jones,Supervisor_Tech,kelly75@example.org,LIC-T-1599,Senior
EMP296,Arthur,Woods,Supervisor_Tech,danieljones@example.org,LIC-T-1515,Senior
EMP511,Ian,White,Technician,denisedavis@example.net,LIC-T-1539,Junior
EMP134,Ryan,Chandler,Lead_Tech,john80@example.org,LIC-T-1268,Senior
EMP344,Curtis,Brown,Lead_Tech,alyssa39@example.com,LIC-T-1133,Senior
EMP397,Ryan,Barker,Supervisor_Tech,timothy37@example.com,LIC-T-1719,Senior
EMP644,Nathaniel,Santos,Supervisor_Tech,cortezamy@example.org,LIC-T-1275,Senior
EMP663,Alexander,Morgan,Supervisor_Tech,deborah90@example.net,LIC-T-1568,Senior
EMP859,Joseph,Mack,Technician,karen18@example.net,LIC-T-1583,Junior
EMP637,Theresa,Hill,Technician,wstout@example.net,LIC-T-1147,Junior
EMP496,Amy,Ellis,Technician,wesley01@example.org,LIC-T-1026,Junior
EMP547,Ruth,Thompson,Supervisor_Tech,sarah05@example.net,LIC-T-1927,Senior
EMP485,Michael,Anderson,Technician,nsparks@example.net,LIC-T-1076,Junior
EMP260,Amy,Kramer,Supervisor_Tech,staffordkatie@example.net,LIC-T-1150,Senior
EMP571,Janet,Wood,Technician,petersderek@example.com,LIC-T-1019,Mid
EMP476,Scott,Moore,Supervisor_Tech,michellejohnson@example.net,LIC-T-1425,Senior
EMP723,Ashley,Thompson,Technician,patriciathompson@example.org,LIC-T-1255,Junior
EMP873,Cody,Hess,Technician,cassandrafranco@example.org,LIC-T-1014,Junior
EMP421,Megan,Case,Lead_Tech,ashleyfisher@example.org,LIC-T-1471,Senior
EMP518,Andre,Perez,Supervisor_Tech,mvilla@example.net,LIC-T-1014,Senior
EMP430,Alexis,Schmidt,Supervisor_Tech,jonesdavid@example.net,LIC-T-1771,Senior
EMP568,Richard,Garcia,Lead_Tech,ocoleman@example.net,LIC-T-1862,Senior
EMP645,Jennifer,Lee,Technician,dshepherd@example.com,LIC-T-1138,Mid
EMP820,Carla,Booth,Supervisor_Tech,lisamiller@example.net,LIC-T-1012,Senior
EMP585,Kristopher,Hanna,Technician,angelanavarro@example.net,LIC-T-1564,Mid
EMP692,James,Bryant,Supervisor_Tech,debrahall@example.org,LIC-T-1557,Senior
EMP301,Joshua,Osborne,Lead_Tech,sierraspencer@example.com,LIC-T-1219,Senior
EMP455,Maria,Smith,Technician,nbaker@example.net,LIC-T-1568,Junior
EMP687,Anthony,Morrow,Technician,erinhill@example.net,LIC-T-1195,Mid
EMP323,Blake,Marshall,Lead_Tech,ycross@example.net,LIC-T-1434,Senior
EMP728,Erika,Miller,Lead_Tech,lesterjo@example.org,LIC-T-1894,Senior
EMP245,David,Martin,Lead_Tech,evansnicole@example.net,LIC-T-1066,Senior
EMP377,Michelle,Walker,Lead_Tech,ylee@example.net,LIC-T-1301,Senior
EMP227,Austin,Weber,Lead_Tech,brittneyshields@example.net,LIC-T-1452,Senior
EMP858,Amy,Smith,Supervisor_Tech,molly10@example.com,LIC-T-1424,Senior
EMP990,Brandi,Jones,Lead_Tech,kristen91@example.net,LIC-T-1954,Senior
EMP229,Sarah,Burgess,Lead_Tech,ashley67@example.net,LIC-T-1323,Senior
EMP474,Timothy,Mendoza,Supervisor_Tech,jimenezstephanie@example.com,LIC-T-1635,Senior
EMP695,Suzanne,Douglas,Lead_Tech,evansveronica@example.org,LIC-T-1807,Senior
EMP241,Katherine,Diaz,Lead_Tech,alexander71@example.com,LIC-T-1210,Senior
EMP900,Katie,Humphrey,Lead_Tech,barbara16@example.net,LIC-T-1990,Senior
EMP432,Brandi,Walsh,Lead_Tech,johnsonmisty@example.net,LIC-T-1161,Senior
EMP702,Helen,Richardson,Lead_Tech,perrygregory@example.net,LIC-T-1576,Senior
EMP320,Stephen,Sutton,Technician,smithjoshua@example.org,LIC-T-1512,Mid
EMP494,Casey,Williams,Technician,adamgreer@example.com,LIC-T-1730,Junior
EMP536,William,Cooper,Lead_Tech,darrenperez@example.com,LIC-T-1665,Senior
