supplier_ID,manufact_Brand,contactInfo,supply_Type,Price
RWNNFPNHMB,SnackSync Co.,sydneyking@snacksyncco.com,Beverage Focus,4965.94
TKTRIVKDQB,MegaVend Systems,xpalmer@megavendsystems.com,Eco-Friendly Models,2674.85
GSFRUSSFEW,EcoVend Tech,clarencemorris@ecovendtech.com,Economy Models,3271.17
JWGJDOOWZI,SnackSync Co.,jeremyhansen@snacksyncco.com,Snacks & Drinks,3988.11
BAFELWFNCJ,CoolDrink Vends,ihernandez@cooldrinkvends.com,Eco-Friendly Models,2887.57
MLIMQUEKYK,VendGenius Pro,nicoleholloway@vendgeniuspro.com,Economy Models,2919.52
AICSPXNMCR,BrewMaster Vends,fsmith@brewmastervends.com,Economy Models,4106.51
UPHXKGGBIC,SnackWave Innovations,herberthuerta@snackwaveinnovations.com,High Capacity,4645.66
LRQPBYLDTJ,MegaVend Systems,kennethburton@megavendsystems.com,Eco-Friendly Models,3682.01
IAYEJBXNVK,AutoBrew Ltd.,harrisshawn@autobrewltd.com,Snacks & Drinks,4470.74
RAJRTSQQUZ,FreshBite Vends,jonesgeorge@freshbitevends.com,Beverage Focus,3757.67
MSMAYNELYA,SnackMaster Pro,nicoleperez@snackmasterpro.com,Full Service,4468.87
PMPDLZLIBY,VendGenius Pro,mgregory@vendgeniuspro.com,Beverage Focus,3184.33
IZMGPAEVZW,BeveragePro Systems,amandamathis@beverageprosystems.com,Economy Models,2266.79
QPCCMZKFOB,FastFood Automate,mary60@fastfoodautomate.com,Full Service,4003.12
BXRZLJYLIN,SnackSync Co.,schroedermelanie@snacksyncco.com,Eco-Friendly Models,3207.07
ZYWXIWZADH,CoolCan Machines,brownjennifer@coolcanmachines.com,Parts Only,1741.17
DOTALZBMVD,EcoVend Tech,acastillo@ecovendtech.com,Parts Only,1710.03
TBMWEPWLAA,AutoBrew Ltd.,robert72@autobrewltd.com,Beverage Focus,3134.79
HVXHPLUARB,SnackSync Co.,sonya33@snacksyncco.com,High Capacity,2125.03
OFVCIITIVA,BrewMaster Vends,juan91@brewmastervends.com,Full Service,3549.54
TXQUUISWQB,SnackMaster Pro,mullinslisa@snackmasterpro.com,Snacks & Drinks,3979.12
QJAKDTEYPA,VendGenius Pro,qkline@vendgeniuspro.com,Beverage Focus,2346.3
YULUWWTXZL,BeveragePro Systems,ycastillo@beverageprosystems.com,Full Service,3635.22
SFKGUCDDWX,QuickSnack Co.,kellynorman@quicksnackco.com,Eco-Friendly Models,3296.66
RNIDOECTHH,CoolDrink Vends,rossconway@cooldrinkvends.com,Full Service,2530.68
CBITIMFVQA,CoolCan Machines,ewilliams@coolcanmachines.com,Parts Only,4927.33
OTFCUIXBJA,SnackMaster Pro,johnsonjared@snackmasterpro.com,Parts Only,2856.89
NAXUUUNGWD,AutoBrew Ltd.,nicole96@autobrewltd.com,Economy Models,4170.73
MAPHIIDMSQ,QuickSnack Co.,kevinhudson@quicksnackco.com,High Capacity,3628.4
FTPIGZKDLZ,SnackSync Co.,luisdonovan@snacksyncco.com,Economy Models,3547.38
KNJGEXTVYR,SnackMaster Pro,reedjamie@snackmasterpro.com,High Capacity,3247.0
OKVQGOKXQC,VendCore Solutions,osantos@vendcoresolutions.com,Parts Only,2634.15
LJJNPQKOGT,FastFood Automate,whiteheadjohn@fastfoodautomate.com,Snacks & Drinks,2095.76
NZWMLKRZQJ,EcoVend Tech,vdixon@ecovendtech.com,Snacks & Drinks,3017.11
UPPEQMORXT,MegaVend Systems,smithanna@megavendsystems.com,Economy Models,4812.92
YOLNZVXGTD,CoolDrink Vends,ian65@cooldrinkvends.com,High Capacity,4674.86
OTGAVXVLYO,VendGenius Pro,gilbertpugh@vendgeniuspro.com,Economy Models,1556.01
WFGQXWHQHA,VendGenius Pro,theresadawson@vendgeniuspro.com,High Capacity,4673.01
MJFAHIAECM,EcoVend Tech,ehamilton@ecovendtech.com,High Capacity,4769.55
XZQZJHGVMS,MegaVend Systems,jacobsexton@megavendsystems.com,High Capacity,4888.69
GLRLYJMWUW,FastFood Automate,nicholsondaniel@fastfoodautomate.com,Parts Only,4243.75
DUFJTKBERG,MegaSnack Systems,raymondcynthia@megasnacksystems.com,Eco-Friendly Models,2560.04
BJAXRAIRJP,SnackMaster Plus,zharrell@snackmasterplus.com,Full Service,2949.46
ZXIODVSUIF,SnackSync Co.,julie14@snacksyncco.com,Full Service,2815.0
NYDZFWUVPA,CoolCan Machines,abrown@coolcanmachines.com,Parts Only,1856.05
RJWTKDJALI,FastFood Automate,mconley@fastfoodautomate.com,High Capacity,2831.16
FSQXQCGBJU,AutoSnack Systems,briana31@autosnacksystems.com,Snacks & Drinks,1858.22
TNNTAKIZSU,BrewMaster Vends,susanbarber@brewmastervends.com,Eco-Friendly Models,3684.87
OYXQENFDKO,AutoSnack Systems,hornesamuel@autosnacksystems.com,Economy Models,1608.55
EFDPHMEJUY,VendTech Inc.,zjimenez@vendtechinc.com,Economy Models,2560.92
HMGCONAUXT,SnackMaster Plus,michael37@snackmasterplus.com,Snacks & Drinks,1731.88
KZECRDDDXJ,AutoSnack Systems,kimberlythomas@autosnacksystems.com,High Capacity,3398.14
WFUSHYEHSL,MegaSnack Systems,janet17@megasnacksystems.com,Full Service,2156.55
FBDSDDUDSO,FreshBite Vends,joshuamedina@freshbitevends.com,Economy Models,4261.35
CPNPWWKDKI,SnackMaster Pro,bethmorse@snackmasterpro.com,Parts Only,1930.44
TCZMAKRAYQ,SnackSync Co.,lindamartin@snacksyncco.com,Snacks & Drinks,4268.67
QBVTGOSLIB,VendCore Solutions,hodgebruce@vendcoresolutions.com,High Capacity,3652.22
NSLPYFNSHL,QuickSnack Co.,fernando87@quicksnackco.com,Eco-Friendly Models,1778.21
IHMOGZVKHF,CoolCan Machines,teresa04@coolcanmachines.com,Full Service,2731.14
SIOHQWJOYJ,BeveragePro Systems,paul04@beverageprosystems.com,Full Service,2396.41
VXGTYWNDAC,AutoSnack Systems,johnsonsheila@autosnacksystems.com,Eco-Friendly Models,3728.97
NGWFCEVVKN,VendTech Inc.,seanlong@vendtechinc.com,Economy Models,3831.28
RZJRXEDCYY,SnackSync Co.,lindabrown@snacksyncco.com,Beverage Focus,3902.51
XVLFDTLFIQ,QuickSnack Co.,clarkdawn@quicksnackco.com,Eco-Friendly Models,4820.58
VETLFCMVVZ,QuickBite Machines,xlucas@quickbitemachines.com,Beverage Focus,2424.46
EWFAAVNYNN,VendTech Inc.,lmitchell@vendtechinc.com,Eco-Friendly Models,4206.5
JSCSRQLISG,MegaVend Systems,keith74@megavendsystems.com,High Capacity,4622.03
MSBMEQZTKG,CoolDrink Vends,eric46@cooldrinkvends.com,Economy Models,1604.88
FNNWSEHGEJ,CoolDrink Vends,ismith@cooldrinkvends.com,Eco-Friendly Models,4107.36
TQBZBIYVMC,BeveragePro Systems,john22@beverageprosystems.com,Eco-Friendly Models,4474.87
FWOLXXWEEO,QuickSnack Co.,paul55@quicksnackco.com,Eco-Friendly Models,4875.81
XRLCVVTTHP,QuickBite Machines,mendozadaniel@quickbitemachines.com,High Capacity,4772.76
GSDCHKHBNC,QuickSnack Co.,kelly83@quicksnackco.com,Full Service,3761.15
MPKNVPJRLU,SnackWave Innovations,tanderson@snackwaveinnovations.com,Snacks & Drinks,4931.49
KBCZHXKCJX,AutoSnack Systems,rebecca56@autosnacksystems.com,Beverage Focus,4495.47
VJTQFGVOKO,BeveragePro Systems,martinezkatherine@beverageprosystems.com,Parts Only,4573.7
WTGHOYBVZW,BrewMaster Vends,velazquezkimberly@brewmastervends.com,Beverage Focus,1760.49
SYEJHXTORH,AutoSnack Systems,knightkristy@autosnacksystems.com,Economy Models,4531.59
APXZDOSADD,VendCore Solutions,vincent16@vendcoresolutions.com,Snacks & Drinks,2649.92
MEUITJSFXL,VendCore Solutions,oneallee@vendcoresolutions.com,Parts Only,4607.64
OIRJWETGBZ,VendGenius Pro,brownstacey@vendgeniuspro.com,Eco-Friendly Models,2504.38
UZNTZXORLD,MegaSnack Systems,jessicaschneider@megasnacksystems.com,Eco-Friendly Models,4199.36
ZPQYMGMJAZ,BeveragePro Systems,richardburns@beverageprosystems.com,High Capacity,4955.35
UPVPHCNBUK,SnackMaster Pro,stevenunderwood@snackmasterpro.com,Snacks & Drinks,2415.45
XHQYMCCCXL,QuickSnack Co.,hkirby@quicksnackco.com,Parts Only,4540.6
SAOZYVZRZP,MegaSnack Systems,karen94@megasnacksystems.com,Full Service,4634.78
CNSMOOKIBO,MegaSnack Systems,charlesmiller@megasnacksystems.com,Snacks & Drinks,3552.26
ZPDDESACCE,SnackMaster Pro,madeline11@snackmasterpro.com,Snacks & Drinks,2725.39
HFPMZQRPNB,QuickSnack Co.,travisclark@quicksnackco.com,High Capacity,2482.42
RXCCFOANIU,SnackMaster Plus,stephenweber@snackmasterplus.com,Snacks & Drinks,2952.27
AORKRSMJHA,AutoBrew Ltd.,kevinmoreno@autobrewltd.com,Snacks & Drinks,4741.36
OVKCYSSLDW,SnackMaster Plus,johnroberts@snackmasterplus.com,Full Service,3984.5
RSICMJYFZV,AutoBrew Ltd.,apreston@autobrewltd.com,High Capacity,2305.94
YLUWGWRQZP,FreshBite Vends,carriemcdonald@freshbitevends.com,Economy Models,2403.11
TMCHKGNZOB,CoolCan Machines,catherine50@coolcanmachines.com,Eco-Friendly Models,2627.07
ADRJRMWPRA,BrewMaster Vends,wvazquez@brewmastervends.com,Full Service,4563.09
RXYXWEKROI,QuickBite Machines,zschneider@quickbitemachines.com,Beverage Focus,3114.19
FTBHXCRMGS,SnackMaster Pro,spaul@snackmasterpro.com,High Capacity,3543.0
HNYYRYIEVY,SnackMaster Pro,carrheather@snackmasterpro.com,Economy Models,4989.27
